Timestamp,UserID,SubID,Version,CrashCause,ErrorMessage,ErrorInfo,Recordings,Sequence
11:00:06,ihck-fa48-dxi4,9412544765,182.3,UI,-,-,-,-
11:00:21,los7-l3iz-vja8,6009860524,287.3,Browser,-,-,-,-
11:00:26,oa47-m33n-ib27,1775286042,269.0,-,-,-,-3,-
11:00:31,6gmx-0jbg-5m6r,9822767595,883.2,Watchdog,-,-,-,-
11:00:40,ihck-fa48-dxi4,9412544765,217.5,-,Connection Error,TMW,-,-
11:00:51,7hus-srih-y96a,8202648940,887.3,-,Unknown,Live,-,-
11:00:52,ruu1-51yu-cv3b,2837426112,589.1,Browser,-,-,-,-
11:01:05,0xs2-axqg-n4c9,7373274794,440.3,-,-,-,7;1;4;3,9
11:01:08,dyb6-m0vr-91ku,5488387860,239.7,-,-,-,3;6;0;0,25
11:01:22,hybb-wgci-2wgg,9412544765,378.1,-,-,-,4;4;6;0,10
11:01:23,x4jb-vyev-xwfy,8503815277,120.1,-,Authentication Error,Unknown,-,-
11:01:26,c1iv-cmk1-im6f,8048099532,106.3,-,-,-,8;1;5;7,2
11:01:45,tdkf-r41d-pshc,3311612371,507.7,-,Authentication Error,Unknown,-,-
11:01:48,zcpc-0ike-j0jb,9240475723,350.8,-,Unknown,Live,-,-
11:01:55,2oo7-7zfg-ym1v,7470925262,877.6,-,UI update,Client,-,-
11:02:10,0xzn-t5i6-b4lj,6736161483,987.2,Watchdog,-,-,-,-
11:02:10,c1iv-cmk1-im6f,8048099532,425.4,-,-,-,1;1;2;7,23
11:02:10,h2rl-7lyl-bd14,3807608257,598.6,-,-,-,7;9;8;9,24
11:02:21,inqu-wzco-tsuo,9770879786,301.0,-,-,-,0;0;4;6,40
11:02:29,yly4-1snf-a990,1775286042,772.9,-,-,-,0;0;9;2,9
11:02:41,7hus-srih-y96a,8202648940,109.5,Watchdog,-,-,-,-
11:02:45,zrow-m5su-0ppr,3931493377,114.7,-,Connection Error,TMW,-,-
11:02:51,bs11-dz7x-ptye,7401399698,615.9,App 1,-,-,-,-
11:03:18,2fcm-yh45-artg,3931493377,157.2,UI,-,-,-,-
11:03:24,ruu1-51yu-cv3b,2837426112,518.9,UI,-,-,-,-
11:03:26,tsl9-9pp0-h51b,9240475723,832.1,-,Authentication Error,App,-,-
11:03:46,hybb-wgci-2wgg,9412544765,759.6,-,Connection Error,Unknown,-,-
11:03:46,zpku-0pi8-36j7,7081228750,158.5,Browser,-,-,-,-
11:03:51,yxwp-dqbw-kc7o,6327299439,877.8,-,-,-,3;3;3;2,10
11:04:01,xjg7-x4aw-ae26,9635177904,680.3,App 2,-,-,-,-
11:04:05,pan7-3lly-o3gm,2982410686,439.0,-,-,-,3;8;8;0,26
11:04:14,ihck-fa48-dxi4,9412544765,539.6,-,Connection Error,Client,-,-
11:04:19,2oo7-7zfg-ym1v,7470925262,739.9,-,Authentication Error,Live,-,-
11:04:27,8c5v-837j-p8xr,7946253541,996.8,-,App 2 Error,TMW,-,-
11:04:43,e8an-76c8-2nym,2559143236,924.9,UI,-,-,-,-
11:04:59,qsf5-ogkc-655p,1570467343,324.8,-,Authentication Error,TMW,-,-
11:05:00,p4x8-5rwo-ruyt,7377809257,736.4,-,App 1 Error,Unknown,-,-
11:05:02,k22n-b4yq-f95p,3248188635,376.7,UI,-,-,-,-
11:05:04,talj-txp3-hjb3,3409361678,328.4,Watchdog,-,-,-,-
11:05:12,oqcr-t11z-aazy,2337628713,587.1,Watchdog,-,-,-,-
11:05:28,ofkf-5cdn-53zn,2837426112,379.4,Connection Timeout,-,-,-,-
11:05:31,los7-l3iz-vja8,6009860524,230.0,Browser,-,-,-,-
11:05:52,9ype-52lr-80hg,9412544765,816.3,-,TMW update,Client,-,-
11:06:04,h2rl-7lyl-bd14,3807608257,559.3,-,-,-,9;2;3;6,32
11:06:06,rv5t-9f2q-wcgj,2931212895,521.1,-,-,-,1;9;2;3,14
11:06:23,cxko-91ov-hww5,3248188635,784.0,Connection Timeout,-,-,-,-
11:06:24,plgl-593x-kzud,1201276034,953.6,-,-,-,-3,-
11:06:24,eqb3-811u-4hmx,3807608257,978.7,-,-,-,-3,-
11:06:39,2fcm-yh45-artg,3931493377,625.9,-,-,-,3;0;7;9,1
11:07:03,cxko-91ov-hww5,3248188635,571.3,-,Authentication Error,Unknown,-,-
11:07:25,qvcv-ru02-hqv8,2484559897,254.1,Watchdog,-,-,-,-
11:07:27,0xs2-axqg-n4c9,7373274794,620.0,UI,-,-,-,-
11:07:32,qsf5-ogkc-655p,1570467343,879.5,App 1,-,-,-,-
11:07:46,xgtt-ulub-jbla,1034932138,698.1,App 1,-,-,-,-
11:07:48,p4x8-5rwo-ruyt,7377809257,518.4,-,App 1 Error,Client,-,-
11:08:26,3aps-d1gk-4j29,1201276034,655.5,Watchdog,-,-,-,-
11:09:07,tdkf-r41d-pshc,3311612371,390.6,Connection Timeout,-,-,-,-
11:09:25,9p3h-0oab-yf7l,7231920288,926.6,-,-,-,3;1;3;2,26
11:09:26,eqb3-811u-4hmx,3807608257,370.5,App 1,-,-,-,-
11:09:49,cxko-91ov-hww5,3248188635,159.0,-,Connection Error,TMW,-,-
11:09:51,2fcm-yh45-artg,3931493377,879.3,-,Authentication Error,TMW,-,-
11:10:01,4gwq-2wxz-nmzv,8328011623,691.7,App 1,-,-,-,-
11:10:01,7uqy-wfxy-ql3o,5126325937,532.9,-,App 1 Error,Client,-,-
11:10:02,xqdi-k5gw-5vkg,5459519898,918.0,-,App 2 Error,Client,-,-
11:10:14,4gwq-2wxz-nmzv,8328011623,744.6,-,App 1 Error,Unknown,-,-
11:10:44,7mug-f6xe-5v27,7698642007,901.1,Browser,-,-,-,-
11:10:52,c1iv-cmk1-im6f,8048099532,416.5,-,-,-,9;2;4;9,33
11:10:58,gey2-218o-jrit,9556245761,449.4,-,TMW update,Live,-,-
11:10:58,inqu-wzco-tsuo,9770879786,766.0,Watchdog,-,-,-,-
11:11:32,4gwq-2wxz-nmzv,8328011623,388.5,-,App 1 Error,TMW,-,-
11:11:38,kfd6-yt1z-mbi4,3311612371,971.5,-,-,-,-3,-
11:11:47,0nm1-1kkt-p3nl,9959885812,643.3,App 1,-,-,-,-
11:12:08,2fcm-yh45-artg,3931493377,848.4,Watchdog,-,-,-,-
11:12:11,oqcr-t11z-aazy,2337628713,997.5,-,UI update,Client,-,-
11:12:12,a7a6-dmk5-0q5p,9556245761,588.3,Connection Timeout,-,-,-,-
11:12:20,823z-jrty-8bxo,1201276034,595.3,-,-,-,0;7;4;6,26
11:12:32,ihck-fa48-dxi4,9412544765,293.2,-,App 1 Error,Unknown,-,-
11:12:35,xqdi-k5gw-5vkg,5459519898,356.2,Connection Timeout,-,-,-,-
11:12:41,4t1b-y5j9-ewhc,9071913507,360.6,-,-,-,0;5;0;7,42
11:13:01,p4x8-5rwo-ruyt,7377809257,644.5,App 2,-,-,-,-
11:13:32,c2r5-k93w-byw9,8328011623,434.3,App 1,-,-,-,-
11:13:48,z1j1-dnut-lvg1,9822767595,926.8,-,App 2 Error,Live,-,-
11:13:52,h1vt-019i-e2s3,3936540702,270.4,-,TMW update,App,-,-
11:14:04,ljam-6atc-69lt,2542129900,494.5,Browser,-,-,-,-
11:14:15,zcpc-0ike-j0jb,9240475723,556.1,-,Unknown,App,-,-
11:14:21,69vo-cndg-89ea,3585428722,903.6,-,UI update,Live,-,-
11:14:27,vev6-8pka-337i,2785999273,312.5,App 1,-,-,-,-
11:14:30,cxko-91ov-hww5,3248188635,906.0,Browser,-,-,-,-
11:14:30,rv5t-9f2q-wcgj,2931212895,872.0,-,App 2 Error,TMW,-,-
11:14:35,zcpc-0ike-j0jb,9240475723,178.7,-,-,-,8;6;7;7,7
11:14:39,fv88-l62e-ont0,7404247340,365.6,-,-,-,3;3;9;9,24
11:14:50,823z-jrty-8bxo,1201276034,251.2,-,-,-,0;7;3;2,32
11:14:53,0fs1-m4ew-25la,9501569279,710.6,-,-,-,-3,-
11:15:11,0xs2-axqg-n4c9,7373274794,125.2,-,App 1 Error,TMW,-,-
11:15:20,x4jb-vyev-xwfy,8503815277,760.6,-,-,-,0;2;8;1,25
11:15:21,jsv2-ofsk-py5a,4927856987,517.9,App 2,-,-,-,-
11:15:31,7kef-3uv2-okwn,2007821877,534.9,Connection Timeout,-,-,-,-
11:15:58,hybb-wgci-2wgg,9412544765,899.1,App 2,-,-,-,-
11:16:01,yly4-1snf-a990,1775286042,637.3,Browser,-,-,-,-
11:16:01,8b0s-kaov-h0jw,1034932138,803.3,App 1,-,-,-,-
11:16:12,7uuv-b3wm-k5qp,4452163003,225.8,Watchdog,-,-,-,-
11:16:19,1huw-yv2w-tmdr,9470279726,571.1,App 2,-,-,-,-
11:16:26,plgl-593x-kzud,1201276034,302.1,-,Unknown,Live,-,-
11:16:27,kfd6-yt1z-mbi4,3311612371,175.3,-,-,-,-3,-
11:16:27,ymt4-0ypo-9g66,2554974567,477.5,-,-,-,-3,-
11:16:34,7hus-srih-y96a,8202648940,743.8,Watchdog,-,-,-,-
11:16:41,p4x8-5rwo-ruyt,7377809257,143.0,-,Connection Error,TMW,-,-
11:17:07,vev6-8pka-337i,2785999273,762.1,-,Unknown,TMW,-,-
11:17:08,vsy8-huu8-gtpn,9501569279,762.2,App 1,-,-,-,-
11:17:18,zpku-0pi8-36j7,7081228750,106.4,-,Authentication Error,Client,-,-
11:17:18,pan7-3lly-o3gm,2982410686,617.1,UI,-,-,-,-
11:17:19,c1iv-cmk1-im6f,8048099532,242.0,-,-,-,5;6;9;6,5
11:17:27,x4jb-vyev-xwfy,8503815277,397.1,-,UI update,Unknown,-,-
11:17:29,c3ft-6ot1-ptzo,1255315581,845.4,UI,-,-,-,-
11:17:30,pdgl-gi4c-g2w6,3311612371,296.7,Browser,-,-,-,-
11:17:44,69vo-cndg-89ea,3585428722,741.4,-,UI update,TMW,-,-
11:17:52,8c5v-837j-p8xr,7946253541,709.9,-,-,-,9;5;8;4,23
11:17:56,823z-jrty-8bxo,1201276034,673.0,UI,-,-,-,-
11:18:00,2oo7-7zfg-ym1v,7470925262,573.5,-,Connection Error,Client,-,-
11:18:13,ihck-fa48-dxi4,9412544765,796.2,-,Connection Error,Unknown,-,-
11:18:13,8b0s-kaov-h0jw,1034932138,898.1,-,TMW update,Unknown,-,-
11:18:15,zcpc-0ike-j0jb,9240475723,745.3,-,-,-,3;8;0;0,24
11:18:25,0fs1-m4ew-25la,9501569279,369.1,-,Connection Error,Client,-,-
11:18:41,jsv2-ofsk-py5a,4927856987,482.7,-,-,-,0;1;0;0,19
11:18:54,pdgl-gi4c-g2w6,3311612371,888.3,App 2,-,-,-,-
11:18:58,prq6-4ovu-m4et,1775286042,246.8,App 1,-,-,-,-
11:19:04,yly4-1snf-a990,1775286042,883.0,-,TMW update,Client,-,-
11:19:23,9ih8-mhfg-vnp9,3311612371,640.2,-,TMW update,Client,-,-
11:19:42,0gyx-l2zq-go4s,2554974567,549.0,-,App 1 Error,Unknown,-,-
11:19:52,823z-jrty-8bxo,1201276034,997.2,-,-,-,4;2;3;3,16
11:19:55,2fcm-yh45-artg,3931493377,243.8,-,UI update,TMW,-,-
11:19:59,5808-uz60-5epz,5332390070,686.7,UI,-,-,-,-
11:19:59,8b0s-kaov-h0jw,1034932138,425.8,-,Authentication Error,Unknown,-,-
11:20:00,tsl9-9pp0-h51b,9240475723,789.2,-,App 2 Error,Unknown,-,-
11:20:21,3u46-i1d9-u6y1,3878077574,926.4,-,-,-,3;5;3;0,9
11:20:37,4gwq-2wxz-nmzv,8328011623,574.3,-,Authentication Error,Live,-,-
11:20:39,2fcm-yh45-artg,3931493377,372.7,-,Connection Error,Unknown,-,-
11:20:44,9ih8-mhfg-vnp9,3311612371,814.8,-,-,-,-3,-
11:21:22,4t1b-y5j9-ewhc,9071913507,696.4,-,-,-,8;0;8;9,9
11:21:27,ymt4-0ypo-9g66,2554974567,500.7,Watchdog,-,-,-,-
11:21:33,gfbj-xtlz-w124,3585428722,602.4,UI,-,-,-,-
11:21:48,h1vt-019i-e2s3,3936540702,278.2,-,TMW update,Live,-,-
11:22:02,0nm1-1kkt-p3nl,9959885812,984.9,UI,-,-,-,-
11:22:03,xgtt-ulub-jbla,1034932138,101.2,-,-,-,-3,-
11:22:04,a7a6-dmk5-0q5p,9556245761,345.7,-,-,-,-3,-
11:22:11,jsv2-ofsk-py5a,4927856987,505.0,-,-,-,4;4;2;1,18
11:22:12,jsv2-ofsk-py5a,4927856987,848.0,-,-,-,6;9;7;9,12
11:22:15,0xs2-axqg-n4c9,7373274794,917.4,-,Unknown,Live,-,-
11:22:22,7uqy-wfxy-ql3o,5126325937,564.7,App 2,-,-,-,-
11:22:25,ofkf-5cdn-53zn,2837426112,340.7,-,App 1 Error,Unknown,-,-
11:22:38,xgtt-ulub-jbla,1034932138,486.8,-,App 2 Error,Client,-,-
11:22:40,xgtt-ulub-jbla,1034932138,840.5,-,-,-,-3,-
11:22:42,zpku-0pi8-36j7,7081228750,940.4,-,-,-,7;8;9;2,11
11:22:43,fv88-l62e-ont0,7404247340,775.1,-,-,-,0;6;1;1,26
11:22:57,5808-uz60-5epz,5332390070,919.6,-,App 1 Error,Unknown,-,-
11:23:03,8c5v-837j-p8xr,7946253541,598.4,Connection Timeout,-,-,-,-
11:23:07,6f6w-ifle-1wux,3807608257,377.1,-,Connection Error,Live,-,-
11:23:11,qsf5-ogkc-655p,1570467343,421.6,Browser,-,-,-,-
11:23:13,69vo-cndg-89ea,3585428722,933.1,-,Connection Error,App,-,-
11:23:42,2oo7-7zfg-ym1v,7470925262,505.3,-,-,-,5;3;2;7,7
11:24:13,0nm1-1kkt-p3nl,9959885812,630.2,App 1,-,-,-,-
11:24:22,zcpc-0ike-j0jb,9240475723,143.5,-,App 2 Error,TMW,-,-
11:24:28,c1iv-cmk1-im6f,8048099532,854.7,-,-,-,3;7;2;3,16
11:24:28,a7ik-1crj-bron,4955695862,138.0,Browser,-,-,-,-
11:24:33,zrow-m5su-0ppr,3931493377,783.7,-,-,-,-3,-
11:24:42,cxko-91ov-hww5,3248188635,813.8,-,UI update,Unknown,-,-
11:24:43,k22n-b4yq-f95p,3248188635,691.0,-,Unknown,TMW,-,-
11:24:48,0nm1-1kkt-p3nl,9959885812,618.9,-,-,-,7;0;1;4,2
11:25:07,ljam-6atc-69lt,2542129900,649.1,-,-,-,1;7;6;8,3
11:25:14,wx10-hyjp-2tzd,2484559897,454.6,-,App 1 Error,App,-,-
11:25:17,ilur-ems0-yh53,8682540073,690.1,-,-,-,4;6;9;4,13
11:25:24,7hus-srih-y96a,8202648940,944.3,-,Connection Error,Client,-,-
11:25:24,pdgl-gi4c-g2w6,3311612371,996.0,Browser,-,-,-,-
11:25:37,07rg-7vzq-m493,2622334053,659.4,-,-,-,5;7;4;0,7
11:25:40,6gmx-0jbg-5m6r,9822767595,644.4,-,-,-,2;9;3;4,25
11:25:44,cxko-91ov-hww5,3248188635,978.3,Browser,-,-,-,-
11:25:48,tsl9-9pp0-h51b,9240475723,189.0,-,Connection Error,Client,-,-
11:25:53,gz3o-8sr6-hwuk,3232490615,962.8,App 1,-,-,-,-
11:25:55,rv5t-9f2q-wcgj,2931212895,463.4,-,-,-,3;9;8;1,7
11:25:56,ljam-6atc-69lt,2542129900,633.9,-,-,-,7;4;8;0,14
11:26:02,9p3h-0oab-yf7l,7231920288,591.8,-,UI update,Client,-,-
11:26:10,hybb-wgci-2wgg,9412544765,721.0,-,-,-,9;4;8;9,35
11:26:11,v8o5-1y3q-8r99,7404247340,959.2,-,-,-,-3,-
11:26:11,gey2-218o-jrit,9556245761,947.3,-,TMW update,Live,-,-
11:26:17,5k6o-cbdv-1dxa,6960038826,189.2,-,Unknown,App,-,-
11:26:35,2ueg-wu4f-v3ja,9169192432,785.6,Browser,-,-,-,-
11:26:38,8b0s-kaov-h0jw,1034932138,840.8,-,TMW update,Unknown,-,-
11:26:39,9ype-52lr-80hg,9412544765,820.4,-,Authentication Error,Live,-,-
11:26:41,zosg-jzs9-6exg,2554974567,736.2,-,Connection Error,App,-,-
11:26:42,h2rl-7lyl-bd14,3807608257,202.7,-,-,-,8;9;0;5,28
11:26:43,ljam-6atc-69lt,2542129900,796.4,-,-,-,2;1;7;9,13
11:27:25,inqu-wzco-tsuo,9770879786,362.5,-,-,-,6;5;1;9,8
11:27:41,9ih8-mhfg-vnp9,3311612371,192.4,-,-,-,-3,-
11:27:44,9p3h-0oab-yf7l,7231920288,330.7,Browser,-,-,-,-
11:28:01,c3ft-6ot1-ptzo,1255315581,612.1,-,-,-,2;4;0;2,31
11:28:06,bt93-pbah-8w6c,3931493377,919.3,Connection Timeout,-,-,-,-
11:28:07,78z0-8fwv-vgh7,8344066946,460.9,-,-,-,5;7;2;2,18
11:28:13,jsv2-ofsk-py5a,4927856987,160.2,-,-,-,3;4;1;9,16
11:28:38,7uuv-b3wm-k5qp,4452163003,640.8,-,-,-,6;5;8;3,23
11:29:00,zpku-0pi8-36j7,7081228750,669.1,-,-,-,0;7;2;1,23
11:29:06,rv5t-9f2q-wcgj,2931212895,723.7,UI,-,-,-,-
11:29:06,ljam-6atc-69lt,2542129900,817.0,-,Unknown,Live,-,-
11:29:08,cj4j-out7-n3zq,2484559897,315.5,-,-,-,-3,-
11:29:15,9p3h-0oab-yf7l,7231920288,909.7,UI,-,-,-,-
11:29:21,wmmy-aq3c-943u,9412544765,601.7,UI,-,-,-,-
11:29:29,0xs2-axqg-n4c9,7373274794,273.0,-,-,-,1;4;1;7,23
11:29:43,jsv2-ofsk-py5a,4927856987,283.4,-,-,-,4;0;5;7,11
11:29:53,4gwq-2wxz-nmzv,8328011623,716.0,-,Unknown,Client,-,-
11:29:59,dyb6-m0vr-91ku,5488387860,744.7,App 1,-,-,-,-
11:30:13,e8an-76c8-2nym,2559143236,349.1,Connection Timeout,-,-,-,-
11:30:20,qsf5-ogkc-655p,1570467343,363.9,App 2,-,-,-,-
11:30:21,inqu-wzco-tsuo,9770879786,606.2,-,Unknown,Live,-,-
11:30:27,eqb3-811u-4hmx,3807608257,311.9,-,-,-,-3,-
11:30:34,wmmy-aq3c-943u,9412544765,729.2,-,-,-,-3,-
11:30:38,2oo7-7zfg-ym1v,7470925262,323.0,-,-,-,7;6;4;4,4
11:30:38,9ih8-mhfg-vnp9,3311612371,277.8,-,-,-,-3,-
11:30:48,xqdi-k5gw-5vkg,5459519898,802.6,Connection Timeout,-,-,-,-
11:30:49,a7ik-1crj-bron,4955695862,829.2,Connection Timeout,-,-,-,-
11:30:53,e8an-76c8-2nym,2559143236,278.1,Browser,-,-,-,-
11:30:57,95op-4086-lgif,5080693212,759.7,UI,-,-,-,-
11:30:59,oqcr-t11z-aazy,2337628713,604.2,-,UI update,Live,-,-
11:31:00,69vo-cndg-89ea,3585428722,357.6,Connection Timeout,-,-,-,-
11:31:07,ymt4-0ypo-9g66,2554974567,711.4,Watchdog,-,-,-,-
11:31:10,inqu-wzco-tsuo,9770879786,365.9,-,TMW update,App,-,-
11:31:36,q12t-vf8s-ecc1,9470279726,687.7,App 1,-,-,-,-
11:31:41,z1j1-dnut-lvg1,9822767595,239.9,-,-,-,-3,-
11:32:06,7hus-srih-y96a,8202648940,235.3,-,Connection Error,TMW,-,-
11:32:06,3aps-d1gk-4j29,1201276034,584.0,-,App 2 Error,App,-,-
11:32:14,eqb3-811u-4hmx,3807608257,984.7,-,-,-,-3,-
11:32:19,4gwq-2wxz-nmzv,8328011623,695.2,-,-,-,-3,-
11:32:19,c2oe-re84-hku8,3753165210,319.7,-,-,-,6;7;3;8,36
11:32:22,3aps-d1gk-4j29,1201276034,475.3,-,-,-,-3,-
11:32:25,c2r5-k93w-byw9,8328011623,172.6,-,-,-,6;7;3;5,32
11:32:28,5808-uz60-5epz,5332390070,666.6,-,-,-,7;1;7;2,22
11:32:29,v8o5-1y3q-8r99,7404247340,170.0,-,-,-,-3,-
11:32:35,ofkf-5cdn-53zn,2837426112,511.6,-,Unknown,Client,-,-
11:32:44,yxwp-dqbw-kc7o,6327299439,633.2,-,App 1 Error,Client,-,-
11:32:58,ymt4-0ypo-9g66,2554974567,474.7,-,Authentication Error,Client,-,-
11:33:14,9ype-52lr-80hg,9412544765,988.9,-,App 1 Error,Live,-,-
11:33:14,3aps-d1gk-4j29,1201276034,173.3,-,Authentication Error,TMW,-,-
11:33:16,plgl-593x-kzud,1201276034,421.1,-,-,-,-3,-
11:33:28,qabb-jeh9-fvaj,5368244320,293.1,-,-,-,1;9;2;1,14
11:33:51,78z0-8fwv-vgh7,8344066946,873.1,-,App 2 Error,Unknown,-,-
11:34:12,9p3h-0oab-yf7l,7231920288,152.5,-,App 2 Error,Unknown,-,-
11:34:13,0gyx-l2zq-go4s,2554974567,579.6,-,-,-,3;9;2;8,14
11:34:30,8b0s-kaov-h0jw,1034932138,228.5,-,-,-,-3,-
11:34:41,v8o5-1y3q-8r99,7404247340,377.9,-,App 1 Error,Live,-,-
11:34:50,pdgl-gi4c-g2w6,3311612371,851.0,-,-,-,7;6;2;8,8
11:34:58,k14x-5slz-muex,4783198577,992.6,-,Connection Error,Client,-,-
11:35:13,qvcv-ru02-hqv8,2484559897,538.2,-,Authentication Error,Live,-,-
11:35:15,4gwq-2wxz-nmzv,8328011623,749.6,-,Connection Error,Client,-,-
11:35:26,c2r5-k93w-byw9,8328011623,860.9,-,Unknown,TMW,-,-
11:35:28,h1vt-019i-e2s3,3936540702,633.3,App 2,-,-,-,-
11:35:28,z1j1-dnut-lvg1,9822767595,439.6,-,TMW update,Client,-,-
11:35:49,fv88-l62e-ont0,7404247340,626.3,-,App 2 Error,Live,-,-
11:35:53,78z0-8fwv-vgh7,8344066946,603.1,App 2,-,-,-,-
11:35:59,rv5t-9f2q-wcgj,2931212895,321.0,-,-,-,8;8;2;8,21
11:36:01,3u46-i1d9-u6y1,3878077574,355.7,-,UI update,TMW,-,-
11:36:07,4t1b-y5j9-ewhc,9071913507,351.4,-,-,-,0;1;0;5,1
11:36:09,e8an-76c8-2nym,2559143236,530.0,-,-,-,2;1;8;8,15
11:36:26,cj4j-out7-n3zq,2484559897,429.4,Connection Timeout,-,-,-,-
11:36:31,0xs2-axqg-n4c9,7373274794,228.1,Browser,-,-,-,-
11:36:50,los7-l3iz-vja8,6009860524,748.5,-,TMW update,Unknown,-,-
11:36:51,c2r5-k93w-byw9,8328011623,468.5,Connection Timeout,-,-,-,-
11:36:56,5808-uz60-5epz,5332390070,844.6,-,Unknown,App,-,-
11:37:02,wmmy-aq3c-943u,9412544765,660.1,-,Authentication Error,Unknown,-,-
11:37:09,tdkf-r41d-pshc,3311612371,379.1,App 2,-,-,-,-
11:37:17,ljam-6atc-69lt,2542129900,390.9,-,-,-,9;9;4;7,1
11:37:19,2fcm-yh45-artg,3931493377,351.2,-,Connection Error,App,-,-
11:37:22,0fs1-m4ew-25la,9501569279,551.1,-,Connection Error,Unknown,-,-
11:37:26,cxko-91ov-hww5,3248188635,463.3,-,-,-,9;7;2;9,6
11:37:32,07rg-7vzq-m493,2622334053,762.6,-,-,-,2;5;4;9,11
11:37:43,oqcr-t11z-aazy,2337628713,368.5,-,App 1 Error,Client,-,-
11:38:01,wmmy-aq3c-943u,9412544765,642.7,Connection Timeout,-,-,-,-
11:38:05,tdkf-r41d-pshc,3311612371,632.9,-,-,-,-3,-
11:38:19,ruu1-51yu-cv3b,2837426112,938.3,-,Connection Error,App,-,-
11:38:31,69vo-cndg-89ea,3585428722,337.8,-,App 2 Error,App,-,-
11:38:36,dyb6-m0vr-91ku,5488387860,820.6,UI,-,-,-,-
11:38:53,ruu1-51yu-cv3b,2837426112,871.5,-,Unknown,App,-,-
11:39:19,823z-jrty-8bxo,1201276034,989.7,-,Authentication Error,Client,-,-
11:39:33,vev6-8pka-337i,2785999273,353.8,Watchdog,-,-,-,-
11:39:41,7uuv-b3wm-k5qp,4452163003,848.2,-,-,-,0;4;6;0,8
11:40:02,bt93-pbah-8w6c,3931493377,891.6,-,Unknown,Live,-,-
11:40:14,ymt4-0ypo-9g66,2554974567,570.4,App 1,-,-,-,-
11:40:17,tsl9-9pp0-h51b,9240475723,146.9,Watchdog,-,-,-,-
11:40:30,c1iv-cmk1-im6f,8048099532,373.5,-,-,-,7;2;1;9,6
11:40:43,8c5v-837j-p8xr,7946253541,692.4,App 2,-,-,-,-
11:40:57,k22n-b4yq-f95p,3248188635,902.8,Watchdog,-,-,-,-
11:41:16,4t1b-y5j9-ewhc,9071913507,655.3,UI,-,-,-,-
11:41:21,4gwq-2wxz-nmzv,8328011623,298.4,-,TMW update,Unknown,-,-
11:41:31,vev6-8pka-337i,2785999273,354.7,-,Authentication Error,Client,-,-
11:41:31,0gyx-l2zq-go4s,2554974567,860.3,-,Authentication Error,App,-,-
11:41:34,4t1b-y5j9-ewhc,9071913507,238.2,-,-,-,5;8;2;7,20
11:41:40,2fcm-yh45-artg,3931493377,937.4,Browser,-,-,-,-
11:41:48,9ype-52lr-80hg,9412544765,275.6,-,-,-,-3,-
11:41:58,5808-uz60-5epz,5332390070,953.0,-,Unknown,Live,-,-
11:42:11,6f6w-ifle-1wux,3807608257,829.0,-,TMW update,App,-,-
11:42:14,1huw-yv2w-tmdr,9470279726,101.1,App 2,-,-,-,-
11:42:23,ihck-fa48-dxi4,9412544765,125.2,-,Authentication Error,Live,-,-
11:42:26,c2oe-re84-hku8,3753165210,391.6,-,TMW update,App,-,-
11:42:40,gey2-218o-jrit,9556245761,426.3,-,UI update,Live,-,-
11:42:42,69vo-cndg-89ea,3585428722,233.6,Connection Timeout,-,-,-,-
11:42:43,5k6o-cbdv-1dxa,6960038826,758.9,-,-,-,5;3;8;6,24
11:42:47,vev6-8pka-337i,2785999273,131.5,-,TMW update,App,-,-
11:42:59,gey2-218o-jrit,9556245761,586.9,-,App 1 Error,Live,-,-
11:43:14,6f6w-ifle-1wux,3807608257,167.8,-,-,-,-3,-
11:43:30,zosg-jzs9-6exg,2554974567,634.4,-,UI update,Live,-,-
11:43:37,vsy8-huu8-gtpn,9501569279,251.2,-,Unknown,TMW,-,-
11:43:43,rv5t-9f2q-wcgj,2931212895,287.8,-,-,-,6;8;1;4,18
11:43:53,gdt3-mwq4-shnh,3869194297,543.6,UI,-,-,-,-
11:45:13,a7ik-1crj-bron,4955695862,507.8,-,-,-,8;8;4;9,40
11:45:13,5k6o-cbdv-1dxa,6960038826,409.9,-,Unknown,Live,-,-
11:45:16,pan7-3lly-o3gm,2982410686,785.4,-,-,-,8;7;0;4,32
11:45:21,kfd6-yt1z-mbi4,3311612371,167.5,UI,-,-,-,-
11:45:26,cxko-91ov-hww5,3248188635,595.8,-,-,-,6;2;5;9,32
11:45:39,3u46-i1d9-u6y1,3878077574,990.0,-,UI update,Live,-,-
11:45:40,talj-txp3-hjb3,3409361678,816.9,Browser,-,-,-,-
11:45:46,zrow-m5su-0ppr,3931493377,787.9,-,TMW update,Live,-,-
11:46:02,xqdi-k5gw-5vkg,5459519898,502.6,App 2,-,-,-,-
11:46:03,9ype-52lr-80hg,9412544765,778.7,-,-,-,-3,-
11:46:07,ruu1-51yu-cv3b,2837426112,738.7,-,UI update,Unknown,-,-
11:46:11,ilur-ems0-yh53,8682540073,100.0,App 1,-,-,-,-
11:46:20,qsf5-ogkc-655p,1570467343,731.9,-,Unknown,Client,-,-
11:46:22,ofkf-5cdn-53zn,2837426112,559.1,-,App 1 Error,Live,-,-
11:46:31,7uuv-b3wm-k5qp,4452163003,354.3,-,Unknown,Unknown,-,-
11:46:33,2ueg-wu4f-v3ja,9169192432,199.1,-,-,-,3;9;5;4,4
11:46:37,q12t-vf8s-ecc1,9470279726,423.9,-,-,-,0;4;4;2,8
11:47:06,zcpc-0ike-j0jb,9240475723,647.1,-,Authentication Error,Unknown,-,-
11:47:35,hybb-wgci-2wgg,9412544765,184.2,UI,-,-,-,-
11:47:43,rv5t-9f2q-wcgj,2931212895,402.2,App 2,-,-,-,-
11:47:54,yxwp-dqbw-kc7o,6327299439,645.2,-,-,-,6;7;4;3,8
11:47:58,vsy8-huu8-gtpn,9501569279,516.4,Browser,-,-,-,-
11:47:59,z1j1-dnut-lvg1,9822767595,579.1,Watchdog,-,-,-,-
11:47:59,zpku-0pi8-36j7,7081228750,584.9,-,-,-,4;8;6;7,10
11:48:03,69vo-cndg-89ea,3585428722,733.1,App 1,-,-,-,-
11:48:04,07rg-7vzq-m493,2622334053,503.1,App 2,-,-,-,-
11:48:07,c3ft-6ot1-ptzo,1255315581,882.3,-,-,-,3;7;0;2,14
11:48:14,los7-l3iz-vja8,6009860524,425.2,-,-,-,8;8;8;7,17
11:48:27,a7ik-1crj-bron,4955695862,211.2,-,-,-,6;1;4;6,27
11:48:28,ruu1-51yu-cv3b,2837426112,720.6,-,Connection Error,TMW,-,-
11:48:34,gey2-218o-jrit,9556245761,295.8,App 1,-,-,-,-
11:48:44,eqb3-811u-4hmx,3807608257,500.7,-,Authentication Error,Unknown,-,-
11:49:05,xjg7-x4aw-ae26,9635177904,504.9,App 1,-,-,-,-
11:49:05,qvcv-ru02-hqv8,2484559897,277.0,-,-,-,3;1;3;4,22
11:49:08,tdkf-r41d-pshc,3311612371,417.5,UI,-,-,-,-
11:49:12,gfbj-xtlz-w124,3585428722,181.7,-,-,-,-3,-
11:49:16,fv88-l62e-ont0,7404247340,227.4,Browser,-,-,-,-
11:49:21,wx10-hyjp-2tzd,2484559897,779.4,Browser,-,-,-,-
11:49:24,q12t-vf8s-ecc1,9470279726,935.8,-,-,-,6;9;2;6,1
11:49:27,7mug-f6xe-5v27,7698642007,446.3,App 1,-,-,-,-
11:49:34,p0vb-6mch-zh1y,7401399698,306.5,App 1,-,-,-,-
11:49:41,5808-uz60-5epz,5332390070,245.7,-,-,-,0;0;2;5,28
11:49:42,pdgl-gi4c-g2w6,3311612371,144.3,Watchdog,-,-,-,-
11:49:42,yxwp-dqbw-kc7o,6327299439,311.9,-,-,-,2;3;5;6,15
11:49:58,wx10-hyjp-2tzd,2484559897,935.1,Connection Timeout,-,-,-,-
11:50:21,gfbj-xtlz-w124,3585428722,225.8,-,-,-,-3,-
11:50:27,a7a6-dmk5-0q5p,9556245761,447.2,App 1,-,-,-,-
11:50:42,9ih8-mhfg-vnp9,3311612371,562.3,-,UI update,Client,-,-
11:50:42,7uqy-wfxy-ql3o,5126325937,847.5,App 1,-,-,-,-
11:50:46,qvcv-ru02-hqv8,2484559897,320.3,-,-,-,0;2;9;1,10
11:50:49,v8o5-1y3q-8r99,7404247340,945.6,-,-,-,-3,-
11:51:08,vev6-8pka-337i,2785999273,428.0,-,-,-,3;9;1;3,15
11:51:15,e8an-76c8-2nym,2559143236,271.4,-,-,-,8;4;0;6,31
11:51:42,823z-jrty-8bxo,1201276034,291.6,App 2,-,-,-,-
11:51:47,9ype-52lr-80hg,9412544765,939.4,-,Authentication Error,Unknown,-,-
11:51:56,3u46-i1d9-u6y1,3878077574,513.5,Watchdog,-,-,-,-
11:52:05,7mug-f6xe-5v27,7698642007,908.0,App 2,-,-,-,-
11:52:09,fv88-l62e-ont0,7404247340,710.1,-,App 1 Error,Unknown,-,-
11:52:20,tdkf-r41d-pshc,3311612371,672.4,-,-,-,-3,-
11:52:41,p4x8-5rwo-ruyt,7377809257,902.4,-,UI update,Live,-,-
11:52:48,v8o5-1y3q-8r99,7404247340,758.3,Browser,-,-,-,-
11:52:55,c2r5-k93w-byw9,8328011623,316.3,-,Unknown,Unknown,-,-
11:52:59,h2rl-7lyl-bd14,3807608257,977.7,-,Authentication Error,App,-,-
11:53:04,0nm1-1kkt-p3nl,9959885812,395.5,-,-,-,2;8;0;8,41
11:53:04,69vo-cndg-89ea,3585428722,708.9,-,-,-,7;0;3;9,7
11:53:23,0xs2-axqg-n4c9,7373274794,930.2,-,App 1 Error,Live,-,-
11:53:25,h1vt-019i-e2s3,3936540702,855.6,-,UI update,Client,-,-
11:53:45,zosg-jzs9-6exg,2554974567,308.1,-,-,-,-3,-
11:54:06,fv88-l62e-ont0,7404247340,497.5,-,TMW update,App,-,-
11:54:10,k22n-b4yq-f95p,3248188635,847.7,Browser,-,-,-,-
11:54:28,ljam-6atc-69lt,2542129900,355.3,-,App 2 Error,Client,-,-
11:54:33,823z-jrty-8bxo,1201276034,877.3,-,Connection Error,TMW,-,-
11:54:38,gey2-218o-jrit,9556245761,408.6,-,-,-,8;1;2;3,34
11:54:51,rv5t-9f2q-wcgj,2931212895,184.0,App 2,-,-,-,-
11:54:57,ruu1-51yu-cv3b,2837426112,471.6,-,-,-,3;1;6;1,13
11:55:12,ymt4-0ypo-9g66,2554974567,789.4,UI,-,-,-,-
11:55:12,xqdi-k5gw-5vkg,5459519898,546.1,Browser,-,-,-,-
11:55:33,gey2-218o-jrit,9556245761,868.2,App 2,-,-,-,-
11:55:33,6f6w-ifle-1wux,3807608257,421.9,-,Authentication Error,Client,-,-
11:55:42,2oo7-7zfg-ym1v,7470925262,526.6,Browser,-,-,-,-
11:56:12,3aps-d1gk-4j29,1201276034,198.7,-,-,-,-3,-
11:56:27,3u46-i1d9-u6y1,3878077574,433.3,-,App 2 Error,App,-,-
11:56:31,ruu1-51yu-cv3b,2837426112,332.3,Watchdog,-,-,-,-
11:56:34,4gwq-2wxz-nmzv,8328011623,878.5,Connection Timeout,-,-,-,-
11:56:34,823z-jrty-8bxo,1201276034,192.4,UI,-,-,-,-
11:56:40,0xs2-axqg-n4c9,7373274794,600.4,-,-,-,3;3;8;0,33
11:56:50,plgl-593x-kzud,1201276034,807.1,-,Connection Error,Client,-,-
11:56:53,2oo7-7zfg-ym1v,7470925262,903.2,-,-,-,8;1;0;7,38
11:57:11,p0vb-6mch-zh1y,7401399698,627.6,-,UI update,Client,-,-
11:57:16,oa47-m33n-ib27,1775286042,590.3,-,-,-,-3,-
11:57:17,rv5t-9f2q-wcgj,2931212895,317.0,Connection Timeout,-,-,-,-
11:57:43,ofkf-5cdn-53zn,2837426112,976.4,-,-,-,-3,-
11:57:46,bs11-dz7x-ptye,7401399698,723.5,-,Connection Error,TMW,-,-
11:57:47,7uqy-wfxy-ql3o,5126325937,909.8,-,App 1 Error,Client,-,-
11:57:51,hybb-wgci-2wgg,9412544765,514.4,Watchdog,-,-,-,-
11:57:51,q12t-vf8s-ecc1,9470279726,298.6,-,-,-,0;4;0;0,37
11:58:00,xqdi-k5gw-5vkg,5459519898,532.4,-,App 1 Error,Client,-,-
11:58:18,zosg-jzs9-6exg,2554974567,767.4,-,-,-,-3,-
11:58:18,k22n-b4yq-f95p,3248188635,690.3,-,App 1 Error,TMW,-,-
11:58:22,gey2-218o-jrit,9556245761,168.8,-,-,-,5;1;2;9,10
11:58:31,m39u-8qh5-4v89,7377809257,870.3,-,Connection Error,Live,-,-
11:58:31,vev6-8pka-337i,2785999273,270.4,Watchdog,-,-,-,-
11:58:38,gey2-218o-jrit,9556245761,173.8,-,Connection Error,Unknown,-,-
11:58:40,v8o5-1y3q-8r99,7404247340,659.2,-,Authentication Error,Live,-,-
11:58:54,eqb3-811u-4hmx,3807608257,501.4,-,UI update,App,-,-
11:59:06,c2oe-re84-hku8,3753165210,183.3,Connection Timeout,-,-,-,-
11:59:31,95op-4086-lgif,5080693212,541.4,-,Authentication Error,App,-,-
12:00:04,3aps-d1gk-4j29,1201276034,486.6,-,TMW update,TMW,-,-
12:00:08,ofkf-5cdn-53zn,2837426112,857.8,Connection Timeout,-,-,-,-
12:00:08,gdt3-mwq4-shnh,3869194297,795.6,-,-,-,3;9;0;2,22
12:00:11,gey2-218o-jrit,9556245761,908.5,-,TMW update,TMW,-,-
12:00:13,x4jb-vyev-xwfy,8503815277,601.7,App 1,-,-,-,-
12:00:18,vsy8-huu8-gtpn,9501569279,920.8,-,Connection Error,TMW,-,-
12:00:27,0gyx-l2zq-go4s,2554974567,587.4,App 1,-,-,-,-
12:00:29,talj-txp3-hjb3,3409361678,227.8,Connection Timeout,-,-,-,-
12:01:10,h1vt-019i-e2s3,3936540702,286.6,-,Authentication Error,App,-,-
12:01:13,0fs1-m4ew-25la,9501569279,911.1,-,-,-,-3,-
12:01:16,pdgl-gi4c-g2w6,3311612371,603.1,-,-,-,6;2;5;8,21
12:01:19,xgtt-ulub-jbla,1034932138,130.9,Browser,-,-,-,-
12:01:25,7kef-3uv2-okwn,2007821877,618.7,-,TMW update,Unknown,-,-
12:01:27,7mug-f6xe-5v27,7698642007,698.4,-,App 2 Error,Client,-,-
12:01:30,c2r5-k93w-byw9,8328011623,231.2,-,App 1 Error,Live,-,-
12:01:34,q12t-vf8s-ecc1,9470279726,866.2,Connection Timeout,-,-,-,-
12:01:45,0fs1-m4ew-25la,9501569279,644.2,-,Connection Error,Live,-,-
12:02:08,v8o5-1y3q-8r99,7404247340,830.8,Connection Timeout,-,-,-,-
12:02:12,xgtt-ulub-jbla,1034932138,157.3,App 2,-,-,-,-
12:03:09,wmmy-aq3c-943u,9412544765,811.2,-,App 1 Error,Client,-,-
12:03:26,ofkf-5cdn-53zn,2837426112,835.2,Browser,-,-,-,-
12:03:27,7uuv-b3wm-k5qp,4452163003,375.8,Watchdog,-,-,-,-
12:03:36,ymt4-0ypo-9g66,2554974567,144.9,App 2,-,-,-,-
12:03:53,prq6-4ovu-m4et,1775286042,231.0,Browser,-,-,-,-
12:03:58,c2oe-re84-hku8,3753165210,888.4,-,-,-,0;7;5;3,18
12:04:00,8c5v-837j-p8xr,7946253541,282.7,-,-,-,9;5;3;0,5
12:04:05,hybb-wgci-2wgg,9412544765,261.4,-,-,-,0;7;9;3,26
12:04:11,2ueg-wu4f-v3ja,9169192432,919.3,Watchdog,-,-,-,-
12:04:32,yxwp-dqbw-kc7o,6327299439,698.3,-,-,-,1;7;6;8,6
12:04:52,fv88-l62e-ont0,7404247340,129.5,-,Connection Error,App,-,-
12:04:55,5808-uz60-5epz,5332390070,773.9,-,App 1 Error,Live,-,-
12:04:56,0gyx-l2zq-go4s,2554974567,344.1,UI,-,-,-,-
12:05:06,p0vb-6mch-zh1y,7401399698,403.2,-,UI update,TMW,-,-
12:05:07,xjg7-x4aw-ae26,9635177904,328.4,-,TMW update,App,-,-
12:05:12,tdkf-r41d-pshc,3311612371,583.2,-,App 2 Error,Live,-,-
12:05:16,bs11-dz7x-ptye,7401399698,511.3,-,-,-,-3,-
12:05:19,pdgl-gi4c-g2w6,3311612371,637.6,-,-,-,3;8;9;1,4
12:05:27,v8o5-1y3q-8r99,7404247340,474.6,-,Connection Error,Live,-,-
12:05:42,hybb-wgci-2wgg,9412544765,639.3,-,UI update,Client,-,-
12:05:43,0nm1-1kkt-p3nl,9959885812,729.9,-,-,-,0;6;5;4,33
12:05:46,gey2-218o-jrit,9556245761,488.9,-,Connection Error,Client,-,-
12:06:09,hybb-wgci-2wgg,9412544765,664.7,-,-,-,8;8;4;6,20
12:06:21,c1iv-cmk1-im6f,8048099532,986.0,-,-,-,2;2;1;8,11
12:06:26,c1iv-cmk1-im6f,8048099532,819.5,Browser,-,-,-,-
12:06:38,8c5v-837j-p8xr,7946253541,638.3,App 2,-,-,-,-
12:06:42,78z0-8fwv-vgh7,8344066946,393.4,Browser,-,-,-,-
12:06:49,6gmx-0jbg-5m6r,9822767595,310.4,UI,-,-,-,-
12:06:57,3u46-i1d9-u6y1,3878077574,251.6,-,Unknown,Live,-,-
12:07:07,9ih8-mhfg-vnp9,3311612371,705.8,UI,-,-,-,-
12:07:16,6gmx-0jbg-5m6r,9822767595,645.3,-,Authentication Error,Client,-,-
12:07:20,v8o5-1y3q-8r99,7404247340,160.0,Browser,-,-,-,-
12:07:20,cxko-91ov-hww5,3248188635,299.5,App 1,-,-,-,-
12:07:34,4t1b-y5j9-ewhc,9071913507,431.2,-,Connection Error,Unknown,-,-
12:07:34,6f6w-ifle-1wux,3807608257,601.7,-,-,-,-3,-
12:08:13,5k6o-cbdv-1dxa,6960038826,804.1,App 2,-,-,-,-
12:08:17,4t1b-y5j9-ewhc,9071913507,118.3,-,-,-,2;0;2;4,44
12:08:29,3u46-i1d9-u6y1,3878077574,416.7,-,Connection Error,Client,-,-
12:08:38,dyb6-m0vr-91ku,5488387860,387.0,Connection Timeout,-,-,-,-
12:08:41,pan7-3lly-o3gm,2982410686,972.2,Connection Timeout,-,-,-,-
12:08:41,a7a6-dmk5-0q5p,9556245761,724.7,-,-,-,-3,-
12:08:46,a7a6-dmk5-0q5p,9556245761,251.8,App 2,-,-,-,-
12:08:50,p4x8-5rwo-ruyt,7377809257,279.5,-,TMW update,TMW,-,-
12:09:35,x4jb-vyev-xwfy,8503815277,524.7,App 1,-,-,-,-
12:09:42,oqcr-t11z-aazy,2337628713,904.3,-,UI update,Client,-,-
12:09:49,tsl9-9pp0-h51b,9240475723,917.3,Connection Timeout,-,-,-,-
12:09:52,z1j1-dnut-lvg1,9822767595,871.0,-,App 1 Error,Unknown,-,-
12:10:09,5808-uz60-5epz,5332390070,614.5,Browser,-,-,-,-
12:10:33,c3ft-6ot1-ptzo,1255315581,444.2,-,Authentication Error,Unknown,-,-
12:10:42,2ueg-wu4f-v3ja,9169192432,807.9,-,-,-,5;7;6;9,29
12:11:05,3aps-d1gk-4j29,1201276034,671.1,Watchdog,-,-,-,-
12:11:18,7uuv-b3wm-k5qp,4452163003,121.4,-,Authentication Error,App,-,-
12:11:20,wmmy-aq3c-943u,9412544765,516.4,-,-,-,-3,-
12:11:37,ofkf-5cdn-53zn,2837426112,626.8,-,Connection Error,App,-,-
12:11:41,9ih8-mhfg-vnp9,3311612371,958.4,-,-,-,-3,-
12:11:44,8c5v-837j-p8xr,7946253541,324.3,-,-,-,9;4;1;9,26
12:11:51,qsf5-ogkc-655p,1570467343,583.6,-,UI update,Client,-,-
12:11:53,hybb-wgci-2wgg,9412544765,831.5,Watchdog,-,-,-,-
12:12:01,rv5t-9f2q-wcgj,2931212895,619.2,Connection Timeout,-,-,-,-
12:12:30,wx10-hyjp-2tzd,2484559897,970.9,-,-,-,-3,-
12:12:49,h1vt-019i-e2s3,3936540702,936.8,App 2,-,-,-,-
12:12:59,8b0s-kaov-h0jw,1034932138,580.7,-,Authentication Error,Client,-,-
12:13:20,gfbj-xtlz-w124,3585428722,848.3,-,-,-,-3,-
12:13:21,0xzn-t5i6-b4lj,6736161483,744.7,-,-,-,6;0;1;8,17
12:13:24,ljam-6atc-69lt,2542129900,914.7,Connection Timeout,-,-,-,-
12:13:44,oa47-m33n-ib27,1775286042,814.5,UI,-,-,-,-
12:13:44,zosg-jzs9-6exg,2554974567,229.4,-,UI update,Live,-,-
12:13:49,c3ft-6ot1-ptzo,1255315581,162.0,-,-,-,7;4;9;1,6
12:13:57,ihck-fa48-dxi4,9412544765,756.0,Watchdog,-,-,-,-
12:13:59,tsl9-9pp0-h51b,9240475723,678.2,-,TMW update,Unknown,-,-
12:14:01,los7-l3iz-vja8,6009860524,171.6,App 2,-,-,-,-
12:14:13,v8o5-1y3q-8r99,7404247340,821.8,-,Connection Error,App,-,-
12:14:14,inqu-wzco-tsuo,9770879786,516.9,-,TMW update,Live,-,-
12:14:21,gfbj-xtlz-w124,3585428722,308.8,Watchdog,-,-,-,-
12:14:22,0gyx-l2zq-go4s,2554974567,504.7,-,-,-,5;2;2;9,26
12:14:22,5808-uz60-5epz,5332390070,180.3,-,-,-,8;8;0;6,10
12:14:31,x7fh-me2z-2csq,3232490615,247.3,-,-,-,0;9;7;6,4
12:14:33,6f6w-ifle-1wux,3807608257,333.6,-,App 2 Error,Unknown,-,-
12:14:59,yxwp-dqbw-kc7o,6327299439,876.1,-,Unknown,Client,-,-
12:15:01,vev6-8pka-337i,2785999273,586.8,Watchdog,-,-,-,-
12:15:04,7mug-f6xe-5v27,7698642007,154.0,UI,-,-,-,-
12:15:41,rv5t-9f2q-wcgj,2931212895,374.3,-,-,-,4;0;7;5,13
12:15:46,4t1b-y5j9-ewhc,9071913507,839.7,-,-,-,3;2;4;6,38
12:15:48,ihck-fa48-dxi4,9412544765,241.2,-,-,-,-3,-
12:15:51,qabb-jeh9-fvaj,5368244320,414.6,-,Unknown,Unknown,-,-
12:15:53,p4x8-5rwo-ruyt,7377809257,434.4,-,TMW update,Unknown,-,-
12:15:56,p4x8-5rwo-ruyt,7377809257,355.3,-,Unknown,Live,-,-
12:16:13,5808-uz60-5epz,5332390070,668.2,Watchdog,-,-,-,-
12:16:26,prq6-4ovu-m4et,1775286042,266.4,UI,-,-,-,-
12:16:27,x4jb-vyev-xwfy,8503815277,747.8,Watchdog,-,-,-,-
12:16:54,0gyx-l2zq-go4s,2554974567,101.6,Connection Timeout,-,-,-,-
12:17:09,e8an-76c8-2nym,2559143236,309.7,-,-,-,1;7;8;9,33
12:17:20,gz3o-8sr6-hwuk,3232490615,216.2,UI,-,-,-,-
12:17:47,wmmy-aq3c-943u,9412544765,855.5,UI,-,-,-,-
12:18:12,plgl-593x-kzud,1201276034,316.9,App 2,-,-,-,-
12:18:17,cj4j-out7-n3zq,2484559897,790.6,-,-,-,-3,-
12:18:17,oqcr-t11z-aazy,2337628713,574.8,-,-,-,5;7;5;8,9
12:18:22,7uuv-b3wm-k5qp,4452163003,593.9,-,App 2 Error,Unknown,-,-
12:18:28,1huw-yv2w-tmdr,9470279726,391.9,-,Authentication Error,TMW,-,-
12:18:32,7uuv-b3wm-k5qp,4452163003,564.9,-,TMW update,App,-,-
12:18:37,2fcm-yh45-artg,3931493377,496.7,-,Authentication Error,App,-,-
12:18:44,plgl-593x-kzud,1201276034,225.0,Watchdog,-,-,-,-
12:18:56,ihck-fa48-dxi4,9412544765,145.7,-,App 1 Error,TMW,-,-
12:18:59,x7fh-me2z-2csq,3232490615,883.0,-,-,-,8;4;0;6,22
12:19:13,m39u-8qh5-4v89,7377809257,404.6,Connection Timeout,-,-,-,-
12:19:15,pan7-3lly-o3gm,2982410686,157.5,Connection Timeout,-,-,-,-
12:19:37,7uuv-b3wm-k5qp,4452163003,328.2,-,-,-,4;5;8;6,5
12:19:52,q12t-vf8s-ecc1,9470279726,874.3,Browser,-,-,-,-
12:20:17,zosg-jzs9-6exg,2554974567,302.7,-,UI update,Client,-,-
12:20:20,jsv2-ofsk-py5a,4927856987,278.9,-,-,-,6;5;2;5,20
12:20:42,plgl-593x-kzud,1201276034,384.9,Browser,-,-,-,-
12:20:46,3aps-d1gk-4j29,1201276034,441.7,UI,-,-,-,-
12:20:46,fv88-l62e-ont0,7404247340,256.2,-,TMW update,App,-,-
12:20:53,5k6o-cbdv-1dxa,6960038826,462.5,-,-,-,1;4;3;3,6
12:20:55,9p3h-0oab-yf7l,7231920288,438.1,App 1,-,-,-,-
12:21:01,hybb-wgci-2wgg,9412544765,517.1,-,-,-,7;1;8;0,2
12:21:02,3aps-d1gk-4j29,1201276034,786.3,-,App 1 Error,Unknown,-,-
12:21:19,bt93-pbah-8w6c,3931493377,360.8,App 2,-,-,-,-
12:21:29,4gwq-2wxz-nmzv,8328011623,854.6,-,Authentication Error,TMW,-,-
12:21:36,69vo-cndg-89ea,3585428722,127.3,-,App 2 Error,Client,-,-
12:21:37,wmmy-aq3c-943u,9412544765,371.0,-,-,-,-3,-
12:21:43,vsy8-huu8-gtpn,9501569279,515.6,App 2,-,-,-,-
12:21:46,oa47-m33n-ib27,1775286042,715.9,Browser,-,-,-,-
12:21:53,tdkf-r41d-pshc,3311612371,344.4,Browser,-,-,-,-
12:22:02,c1iv-cmk1-im6f,8048099532,907.7,App 2,-,-,-,-
12:22:06,z1j1-dnut-lvg1,9822767595,677.8,Connection Timeout,-,-,-,-
12:22:21,c1iv-cmk1-im6f,8048099532,166.4,Watchdog,-,-,-,-
12:22:56,7kef-3uv2-okwn,2007821877,291.6,-,Authentication Error,Client,-,-
12:23:07,c2oe-re84-hku8,3753165210,728.1,-,TMW update,TMW,-,-
12:23:13,78z0-8fwv-vgh7,8344066946,417.7,-,App 2 Error,TMW,-,-
12:23:22,8c5v-837j-p8xr,7946253541,513.7,-,-,-,7;6;1;0,8
12:23:28,talj-txp3-hjb3,3409361678,483.0,-,-,-,1;6;9;5,14
12:23:33,bs11-dz7x-ptye,7401399698,822.2,-,-,-,-3,-
12:23:41,07rg-7vzq-m493,2622334053,317.3,Watchdog,-,-,-,-
12:23:41,0fs1-m4ew-25la,9501569279,174.6,Connection Timeout,-,-,-,-
12:23:50,6f6w-ifle-1wux,3807608257,931.6,App 1,-,-,-,-
12:24:08,22xn-70o7-815u,1034932138,985.1,-,Unknown,Live,-,-
12:24:26,q12t-vf8s-ecc1,9470279726,424.8,-,-,-,4;3;2;5,25
12:24:29,qvcv-ru02-hqv8,2484559897,492.8,App 2,-,-,-,-
12:24:35,e8an-76c8-2nym,2559143236,451.7,-,App 2 Error,Client,-,-
12:24:37,pdgl-gi4c-g2w6,3311612371,620.6,-,Connection Error,App,-,-
12:24:45,0gyx-l2zq-go4s,2554974567,900.3,Connection Timeout,-,-,-,-
12:24:45,ljam-6atc-69lt,2542129900,881.4,-,-,-,9;1;4;3,23
12:24:50,c2r5-k93w-byw9,8328011623,918.3,Connection Timeout,-,-,-,-
12:24:57,7uuv-b3wm-k5qp,4452163003,293.3,-,Authentication Error,Unknown,-,-
12:25:22,qsf5-ogkc-655p,1570467343,515.8,-,Unknown,Unknown,-,-
12:25:30,2oo7-7zfg-ym1v,7470925262,966.5,-,TMW update,TMW,-,-
12:25:51,0nm1-1kkt-p3nl,9959885812,133.8,Connection Timeout,-,-,-,-
12:26:02,plgl-593x-kzud,1201276034,417.9,-,-,-,-3,-
12:26:03,7kef-3uv2-okwn,2007821877,318.5,-,Unknown,Unknown,-,-
12:26:08,7mug-f6xe-5v27,7698642007,795.7,-,-,-,5;1;2;1,13
12:26:10,tsl9-9pp0-h51b,9240475723,448.5,-,-,-,-3,-
12:26:14,bt93-pbah-8w6c,3931493377,562.6,-,App 2 Error,Live,-,-
12:26:17,kfd6-yt1z-mbi4,3311612371,699.4,-,UI update,Live,-,-
12:26:20,9ih8-mhfg-vnp9,3311612371,969.7,Connection Timeout,-,-,-,-
12:26:26,2fcm-yh45-artg,3931493377,795.3,-,-,-,9;0;9;0,19
12:26:28,vev6-8pka-337i,2785999273,850.5,-,-,-,6;6;4;1,8
12:26:41,2fcm-yh45-artg,3931493377,981.0,Watchdog,-,-,-,-
12:26:48,inqu-wzco-tsuo,9770879786,650.4,-,-,-,7;9;9;0,10
12:27:11,dyb6-m0vr-91ku,5488387860,544.4,-,-,-,9;2;6;3,8
12:27:14,qvcv-ru02-hqv8,2484559897,273.8,-,Unknown,Unknown,-,-
12:27:48,c1iv-cmk1-im6f,8048099532,201.4,-,Authentication Error,TMW,-,-
12:27:55,vsy8-huu8-gtpn,9501569279,695.3,Connection Timeout,-,-,-,-
12:27:58,2fcm-yh45-artg,3931493377,248.1,Browser,-,-,-,-
12:28:13,x4jb-vyev-xwfy,8503815277,381.8,-,Unknown,Client,-,-
12:28:19,c2oe-re84-hku8,3753165210,244.9,-,Connection Error,Client,-,-
12:28:23,zcpc-0ike-j0jb,9240475723,400.4,-,App 1 Error,TMW,-,-
12:28:24,dyb6-m0vr-91ku,5488387860,760.4,-,App 2 Error,App,-,-
12:28:29,xgtt-ulub-jbla,1034932138,430.8,-,-,-,-3,-
12:29:22,ilur-ems0-yh53,8682540073,500.9,App 1,-,-,-,-
12:29:28,bs11-dz7x-ptye,7401399698,119.5,-,App 1 Error,App,-,-
12:29:37,cj4j-out7-n3zq,2484559897,302.7,UI,-,-,-,-
12:30:02,bs11-dz7x-ptye,7401399698,604.6,App 2,-,-,-,-
12:30:09,c3ft-6ot1-ptzo,1255315581,962.7,-,-,-,1;5;9;2,23
12:30:18,ljam-6atc-69lt,2542129900,197.7,-,-,-,1;2;8;6,35
12:30:22,0xzn-t5i6-b4lj,6736161483,100.5,-,-,-,5;1;5;7,22
12:30:28,kfd6-yt1z-mbi4,3311612371,587.0,-,UI update,Client,-,-
12:30:32,x7fh-me2z-2csq,3232490615,308.5,-,-,-,9;4;8;2,17
12:30:37,zrow-m5su-0ppr,3931493377,993.5,-,-,-,-3,-
12:30:43,tdkf-r41d-pshc,3311612371,847.7,-,-,-,-3,-
12:30:45,gz3o-8sr6-hwuk,3232490615,473.4,UI,-,-,-,-
12:30:47,h1vt-019i-e2s3,3936540702,618.4,-,-,-,9;5;9;8,5
12:30:48,p0vb-6mch-zh1y,7401399698,783.0,-,-,-,1;2;8;7,12
12:30:53,a7a6-dmk5-0q5p,9556245761,278.5,-,-,-,-3,-
12:31:01,0xs2-axqg-n4c9,7373274794,708.9,App 1,-,-,-,-
12:31:13,7uuv-b3wm-k5qp,4452163003,851.7,-,-,-,0;2;6;7,27
12:31:14,8c5v-837j-p8xr,7946253541,601.7,Connection Timeout,-,-,-,-
12:31:27,gdt3-mwq4-shnh,3869194297,385.1,-,-,-,1;2;7;8,8
12:31:28,e8an-76c8-2nym,2559143236,165.6,-,-,-,1;5;1;2,29
12:31:31,95op-4086-lgif,5080693212,782.3,App 2,-,-,-,-
12:31:37,vsy8-huu8-gtpn,9501569279,783.5,-,UI update,Live,-,-
12:31:43,9ype-52lr-80hg,9412544765,832.9,Connection Timeout,-,-,-,-
12:31:50,kfd6-yt1z-mbi4,3311612371,236.2,Connection Timeout,-,-,-,-
12:31:53,pdgl-gi4c-g2w6,3311612371,380.0,-,Unknown,TMW,-,-
12:32:05,hybb-wgci-2wgg,9412544765,846.5,-,App 1 Error,App,-,-
12:32:06,wx10-hyjp-2tzd,2484559897,246.8,-,-,-,-3,-
12:32:08,bt93-pbah-8w6c,3931493377,539.8,-,TMW update,Unknown,-,-
12:32:09,x4jb-vyev-xwfy,8503815277,906.4,-,TMW update,Client,-,-
12:32:22,q12t-vf8s-ecc1,9470279726,194.3,-,-,-,0;7;6;9,27
12:32:26,plgl-593x-kzud,1201276034,789.6,-,-,-,-3,-
12:32:29,9p3h-0oab-yf7l,7231920288,785.2,-,-,-,1;9;5;0,3
12:32:36,3u46-i1d9-u6y1,3878077574,763.8,-,Connection Error,Live,-,-
12:32:54,los7-l3iz-vja8,6009860524,944.0,App 1,-,-,-,-
12:33:07,0nm1-1kkt-p3nl,9959885812,890.7,App 2,-,-,-,-
12:33:15,cj4j-out7-n3zq,2484559897,447.1,-,-,-,-3,-
12:33:17,e8an-76c8-2nym,2559143236,298.9,-,-,-,2;9;2;8,23
12:33:19,kfd6-yt1z-mbi4,3311612371,270.5,-,-,-,-3,-
12:33:30,c2r5-k93w-byw9,8328011623,514.3,Connection Timeout,-,-,-,-
12:34:16,x7fh-me2z-2csq,3232490615,811.1,-,-,-,5;0;6;2,5
12:34:23,plgl-593x-kzud,1201276034,922.5,-,Authentication Error,Unknown,-,-
12:34:26,0xzn-t5i6-b4lj,6736161483,919.9,-,Connection Error,Client,-,-
12:34:31,fv88-l62e-ont0,7404247340,432.0,-,-,-,8;4;6;2,32
12:34:46,c3ft-6ot1-ptzo,1255315581,171.9,-,Unknown,Unknown,-,-
12:35:03,1huw-yv2w-tmdr,9470279726,942.7,-,App 1 Error,App,-,-
12:35:19,xjg7-x4aw-ae26,9635177904,433.0,App 2,-,-,-,-
12:35:20,q12t-vf8s-ecc1,9470279726,969.6,-,Connection Error,App,-,-
12:35:53,5k6o-cbdv-1dxa,6960038826,476.3,-,-,-,3;5;6;0,15
12:35:54,7uqy-wfxy-ql3o,5126325937,865.4,-,Unknown,App,-,-
12:35:58,dyb6-m0vr-91ku,5488387860,131.6,-,Connection Error,Client,-,-
12:36:05,c2oe-re84-hku8,3753165210,129.3,-,App 1 Error,Unknown,-,-
12:36:07,7mug-f6xe-5v27,7698642007,854.4,-,-,-,8;4;1;6,2
12:36:08,kfd6-yt1z-mbi4,3311612371,113.0,-,-,-,-3,-
12:36:13,h1vt-019i-e2s3,3936540702,204.9,-,App 2 Error,Live,-,-
12:36:27,4gwq-2wxz-nmzv,8328011623,893.2,App 1,-,-,-,-
12:36:32,ymt4-0ypo-9g66,2554974567,268.2,-,Unknown,Unknown,-,-
12:36:33,xgtt-ulub-jbla,1034932138,722.8,-,Authentication Error,Client,-,-
12:36:35,q12t-vf8s-ecc1,9470279726,688.6,-,-,-,9;8;8;0,18
12:36:55,0fs1-m4ew-25la,9501569279,275.4,-,-,-,-3,-
12:37:16,pan7-3lly-o3gm,2982410686,135.8,-,Connection Error,Unknown,-,-
12:37:23,talj-txp3-hjb3,3409361678,241.1,App 1,-,-,-,-
12:37:33,6f6w-ifle-1wux,3807608257,122.2,-,Unknown,Client,-,-
12:37:40,95op-4086-lgif,5080693212,469.3,-,-,-,4;2;6;7,13
12:37:43,z1j1-dnut-lvg1,9822767595,800.9,-,-,-,-3,-
12:37:45,0xs2-axqg-n4c9,7373274794,168.9,-,-,-,6;4;3;0,6
12:37:46,ihck-fa48-dxi4,9412544765,739.9,-,App 2 Error,Unknown,-,-
12:37:53,vev6-8pka-337i,2785999273,536.3,Watchdog,-,-,-,-
12:38:03,0xs2-axqg-n4c9,7373274794,673.0,-,-,-,9;9;4;0,1
12:38:13,xqdi-k5gw-5vkg,5459519898,349.5,-,App 2 Error,App,-,-
12:38:23,dyb6-m0vr-91ku,5488387860,121.5,UI,-,-,-,-
12:38:23,4t1b-y5j9-ewhc,9071913507,743.5,-,Authentication Error,TMW,-,-
12:38:26,tsl9-9pp0-h51b,9240475723,813.3,App 2,-,-,-,-
12:38:33,6f6w-ifle-1wux,3807608257,735.3,Browser,-,-,-,-
12:38:34,ymt4-0ypo-9g66,2554974567,156.5,-,Authentication Error,Client,-,-
12:38:41,ymt4-0ypo-9g66,2554974567,232.8,-,Unknown,TMW,-,-
12:38:51,eqb3-811u-4hmx,3807608257,788.4,-,Connection Error,Unknown,-,-
12:38:54,c3ft-6ot1-ptzo,1255315581,358.7,-,Connection Error,Client,-,-
12:38:58,bs11-dz7x-ptye,7401399698,787.7,-,App 2 Error,TMW,-,-
12:39:01,4t1b-y5j9-ewhc,9071913507,549.5,Watchdog,-,-,-,-
12:39:41,xqdi-k5gw-5vkg,5459519898,472.7,-,Authentication Error,TMW,-,-
12:39:48,ymt4-0ypo-9g66,2554974567,207.5,UI,-,-,-,-
12:40:01,0nm1-1kkt-p3nl,9959885812,846.2,-,Connection Error,Unknown,-,-
12:40:11,qabb-jeh9-fvaj,5368244320,162.8,-,-,-,0;4;3;5,12
12:40:15,2fcm-yh45-artg,3931493377,612.9,Watchdog,-,-,-,-
12:40:26,c2r5-k93w-byw9,8328011623,337.1,-,Authentication Error,Client,-,-
12:40:28,x7fh-me2z-2csq,3232490615,311.4,-,TMW update,Unknown,-,-
12:40:39,x4jb-vyev-xwfy,8503815277,817.0,UI,-,-,-,-
12:41:01,0fs1-m4ew-25la,9501569279,441.3,Connection Timeout,-,-,-,-
12:41:11,tdkf-r41d-pshc,3311612371,430.7,-,-,-,-3,-
12:41:39,xjg7-x4aw-ae26,9635177904,549.6,-,UI update,Unknown,-,-
12:41:43,zpku-0pi8-36j7,7081228750,787.1,-,-,-,4;2;4;2,1
12:41:50,7kef-3uv2-okwn,2007821877,443.7,-,-,-,9;3;4;3,17
12:41:58,0gyx-l2zq-go4s,2554974567,682.9,Browser,-,-,-,-
12:42:02,m39u-8qh5-4v89,7377809257,972.6,-,-,-,-3,-
12:42:22,oqcr-t11z-aazy,2337628713,300.0,-,TMW update,TMW,-,-
12:42:22,kfd6-yt1z-mbi4,3311612371,891.5,-,Authentication Error,Unknown,-,-
12:42:25,q12t-vf8s-ecc1,9470279726,536.7,-,App 1 Error,Client,-,-
12:42:30,kfd6-yt1z-mbi4,3311612371,473.1,-,-,-,-3,-
12:42:34,4gwq-2wxz-nmzv,8328011623,279.6,-,Authentication Error,TMW,-,-
12:42:52,c2oe-re84-hku8,3753165210,650.5,-,-,-,2;9;3;8,38
12:43:32,jsv2-ofsk-py5a,4927856987,185.8,-,Connection Error,Unknown,-,-
12:43:33,tsl9-9pp0-h51b,9240475723,129.4,-,-,-,-3,-
12:43:35,2fcm-yh45-artg,3931493377,476.4,-,-,-,5;8;5;7,3
12:43:52,ljam-6atc-69lt,2542129900,110.4,-,-,-,8;9;6;5,30
12:43:57,c3ft-6ot1-ptzo,1255315581,503.9,Watchdog,-,-,-,-
12:43:59,vsy8-huu8-gtpn,9501569279,311.3,App 2,-,-,-,-
12:44:11,qvcv-ru02-hqv8,2484559897,704.5,Watchdog,-,-,-,-
12:44:13,6gmx-0jbg-5m6r,9822767595,311.4,App 1,-,-,-,-
12:44:15,kfd6-yt1z-mbi4,3311612371,284.6,UI,-,-,-,-
12:44:43,jsv2-ofsk-py5a,4927856987,562.4,-,-,-,6;8;2;0,3
12:44:45,a7a6-dmk5-0q5p,9556245761,149.1,-,Connection Error,Client,-,-
12:44:51,qvcv-ru02-hqv8,2484559897,218.1,App 1,-,-,-,-
12:44:52,7mug-f6xe-5v27,7698642007,738.4,UI,-,-,-,-
12:44:56,2ueg-wu4f-v3ja,9169192432,200.6,-,-,-,4;8;7;2,2
12:44:59,6gmx-0jbg-5m6r,9822767595,611.6,-,Connection Error,Live,-,-
12:45:03,qvcv-ru02-hqv8,2484559897,638.7,Browser,-,-,-,-
12:45:24,0gyx-l2zq-go4s,2554974567,102.4,-,Connection Error,Live,-,-
12:45:24,95op-4086-lgif,5080693212,272.8,-,-,-,0;2;1;4,27
12:45:26,ofkf-5cdn-53zn,2837426112,780.3,-,UI update,App,-,-
12:45:45,07rg-7vzq-m493,2622334053,767.8,-,-,-,8;0;3;9,29
12:45:45,c2r5-k93w-byw9,8328011623,161.6,Watchdog,-,-,-,-
12:46:00,zosg-jzs9-6exg,2554974567,547.8,-,-,-,-3,-
12:46:08,pdgl-gi4c-g2w6,3311612371,335.6,-,App 1 Error,TMW,-,-
12:46:10,tdkf-r41d-pshc,3311612371,142.6,-,UI update,Unknown,-,-
12:46:15,ymt4-0ypo-9g66,2554974567,939.2,UI,-,-,-,-
12:46:19,gfbj-xtlz-w124,3585428722,200.8,-,-,-,-3,-
12:46:24,c1iv-cmk1-im6f,8048099532,253.0,-,-,-,1;2;2;2,17
12:46:25,6f6w-ifle-1wux,3807608257,464.4,-,Authentication Error,Client,-,-
12:46:35,v8o5-1y3q-8r99,7404247340,964.2,-,-,-,-3,-
12:47:18,22xn-70o7-815u,1034932138,176.8,-,UI update,Unknown,-,-
12:47:20,ilur-ems0-yh53,8682540073,764.9,-,-,-,3;3;3;5,11
12:47:24,bs11-dz7x-ptye,7401399698,567.6,-,-,-,-3,-
12:47:28,5808-uz60-5epz,5332390070,334.1,-,-,-,9;0;9;4,35
12:47:32,7hus-srih-y96a,8202648940,750.1,Connection Timeout,-,-,-,-
12:47:39,tdkf-r41d-pshc,3311612371,993.3,-,App 1 Error,Unknown,-,-
12:47:42,cj4j-out7-n3zq,2484559897,347.7,App 2,-,-,-,-
12:47:49,cxko-91ov-hww5,3248188635,313.9,App 1,-,-,-,-
12:47:51,3u46-i1d9-u6y1,3878077574,445.7,UI,-,-,-,-
12:47:51,9p3h-0oab-yf7l,7231920288,661.1,-,TMW update,Live,-,-
12:47:54,gdt3-mwq4-shnh,3869194297,557.9,-,-,-,0;9;6;5,12
12:48:03,jsv2-ofsk-py5a,4927856987,177.3,-,TMW update,App,-,-
12:48:16,gey2-218o-jrit,9556245761,141.8,Watchdog,-,-,-,-
12:48:27,07rg-7vzq-m493,2622334053,523.7,App 1,-,-,-,-
12:48:29,tsl9-9pp0-h51b,9240475723,104.4,Connection Timeout,-,-,-,-
12:48:29,5k6o-cbdv-1dxa,6960038826,614.0,-,Authentication Error,Client,-,-
12:48:30,x7fh-me2z-2csq,3232490615,805.7,-,Unknown,App,-,-
12:48:36,zcpc-0ike-j0jb,9240475723,216.9,-,App 1 Error,Live,-,-
12:48:38,xjg7-x4aw-ae26,9635177904,468.1,Connection Timeout,-,-,-,-
12:48:44,0fs1-m4ew-25la,9501569279,449.5,-,-,-,-3,-
12:49:01,2fcm-yh45-artg,3931493377,288.9,-,Connection Error,Live,-,-
12:49:09,7uqy-wfxy-ql3o,5126325937,636.0,-,App 2 Error,TMW,-,-
12:49:10,vsy8-huu8-gtpn,9501569279,730.1,-,-,-,8;7;0;3,23
12:49:18,x7fh-me2z-2csq,3232490615,911.2,-,-,-,1;2;4;7,28
12:49:18,prq6-4ovu-m4et,1775286042,970.9,-,Connection Error,TMW,-,-
12:49:21,5808-uz60-5epz,5332390070,401.8,-,-,-,4;5;2;7,6
12:49:25,ymt4-0ypo-9g66,2554974567,819.6,-,-,-,-3,-
12:49:27,9ih8-mhfg-vnp9,3311612371,912.2,-,-,-,-3,-
12:49:31,4t1b-y5j9-ewhc,9071913507,165.7,-,-,-,8;7;3;4,40
12:49:32,vev6-8pka-337i,2785999273,936.6,App 2,-,-,-,-
12:49:34,0xs2-axqg-n4c9,7373274794,882.0,-,-,-,2;8;0;6,38
12:49:35,9ype-52lr-80hg,9412544765,244.5,-,Authentication Error,App,-,-
12:49:42,xqdi-k5gw-5vkg,5459519898,657.5,Connection Timeout,-,-,-,-
12:49:51,tsl9-9pp0-h51b,9240475723,291.2,App 1,-,-,-,-
12:49:53,e8an-76c8-2nym,2559143236,656.4,-,-,-,7;3;6;1,32
12:50:07,ljam-6atc-69lt,2542129900,896.1,-,Connection Error,TMW,-,-
12:50:15,xjg7-x4aw-ae26,9635177904,509.7,-,App 1 Error,App,-,-
12:50:15,k14x-5slz-muex,4783198577,217.5,-,-,-,1;2;0;7,19
12:50:21,6gmx-0jbg-5m6r,9822767595,868.5,-,Authentication Error,Unknown,-,-
12:50:21,eqb3-811u-4hmx,3807608257,759.5,-,Authentication Error,TMW,-,-
12:50:52,07rg-7vzq-m493,2622334053,144.5,-,-,-,7;7;2;2,35
12:51:03,zpku-0pi8-36j7,7081228750,324.5,Browser,-,-,-,-
12:51:21,6f6w-ifle-1wux,3807608257,758.1,-,-,-,-3,-
12:51:28,tdkf-r41d-pshc,3311612371,317.8,App 2,-,-,-,-
12:51:35,6f6w-ifle-1wux,3807608257,626.3,-,Unknown,TMW,-,-
12:51:51,rv5t-9f2q-wcgj,2931212895,644.3,-,App 1 Error,TMW,-,-
12:51:52,0xs2-axqg-n4c9,7373274794,847.0,Watchdog,-,-,-,-
12:52:04,c2r5-k93w-byw9,8328011623,866.5,App 1,-,-,-,-
12:52:07,69vo-cndg-89ea,3585428722,532.4,Watchdog,-,-,-,-
12:52:12,pan7-3lly-o3gm,2982410686,660.0,-,Unknown,Client,-,-
12:52:16,los7-l3iz-vja8,6009860524,329.4,UI,-,-,-,-
12:52:22,4t1b-y5j9-ewhc,9071913507,903.8,-,-,-,0;7;2;3,30
12:52:23,los7-l3iz-vja8,6009860524,881.9,-,-,-,2;8;8;6,24
12:52:28,xgtt-ulub-jbla,1034932138,192.5,-,-,-,-3,-
12:52:47,tsl9-9pp0-h51b,9240475723,721.3,-,-,-,-3,-
12:52:51,rv5t-9f2q-wcgj,2931212895,762.2,-,-,-,8;5;0;9,29
12:52:54,m39u-8qh5-4v89,7377809257,161.8,App 2,-,-,-,-
12:53:03,z1j1-dnut-lvg1,9822767595,467.0,-,TMW update,Live,-,-
12:53:05,c1iv-cmk1-im6f,8048099532,968.7,App 2,-,-,-,-
12:53:09,gfbj-xtlz-w124,3585428722,471.4,-,-,-,-3,-
12:53:15,9ih8-mhfg-vnp9,3311612371,424.0,-,TMW update,Live,-,-
12:53:20,8b0s-kaov-h0jw,1034932138,985.7,-,Authentication Error,Client,-,-
12:53:55,q12t-vf8s-ecc1,9470279726,823.0,-,-,-,0;6;1;3,28
12:54:15,xgtt-ulub-jbla,1034932138,374.0,-,App 1 Error,Live,-,-
12:54:20,0xs2-axqg-n4c9,7373274794,932.8,-,-,-,7;4;5;9,30
12:54:26,vev6-8pka-337i,2785999273,500.1,App 2,-,-,-,-
12:54:36,0fs1-m4ew-25la,9501569279,371.1,Browser,-,-,-,-
12:54:39,2oo7-7zfg-ym1v,7470925262,994.1,-,-,-,5;4;4;3,18
12:54:47,k14x-5slz-muex,4783198577,711.6,-,-,-,6;8;3;0,37
12:54:58,ilur-ems0-yh53,8682540073,571.2,App 2,-,-,-,-
12:55:29,x4jb-vyev-xwfy,8503815277,120.7,-,Connection Error,Client,-,-
12:55:30,95op-4086-lgif,5080693212,651.5,-,-,-,2;6;1;2,26
12:55:52,jsv2-ofsk-py5a,4927856987,409.9,-,-,-,4;3;2;0,17
12:55:52,2fcm-yh45-artg,3931493377,911.7,Browser,-,-,-,-
12:56:19,7uuv-b3wm-k5qp,4452163003,216.0,Browser,-,-,-,-
12:56:22,7uuv-b3wm-k5qp,4452163003,737.5,Connection Timeout,-,-,-,-
12:56:24,zcpc-0ike-j0jb,9240475723,982.1,-,-,-,5;8;3;4,27
12:56:30,3u46-i1d9-u6y1,3878077574,684.3,Watchdog,-,-,-,-
12:57:04,rv5t-9f2q-wcgj,2931212895,562.0,-,-,-,4;8;5;0,1
12:57:05,kfd6-yt1z-mbi4,3311612371,507.6,-,Unknown,TMW,-,-
12:57:16,a7ik-1crj-bron,4955695862,359.1,-,UI update,Live,-,-
12:57:16,c2oe-re84-hku8,3753165210,119.4,App 1,-,-,-,-
12:57:20,c1iv-cmk1-im6f,8048099532,851.1,-,-,-,2;5;0;9,12
12:57:25,k14x-5slz-muex,4783198577,471.7,-,Unknown,Client,-,-
12:57:33,gey2-218o-jrit,9556245761,699.9,-,Unknown,Unknown,-,-
12:57:46,h1vt-019i-e2s3,3936540702,874.2,-,-,-,2;9;8;1,9
12:57:53,9p3h-0oab-yf7l,7231920288,363.7,-,-,-,5;4;1;9,37
12:58:00,4gwq-2wxz-nmzv,8328011623,496.0,-,-,-,-3,-
12:58:26,ihck-fa48-dxi4,9412544765,668.3,-,-,-,-3,-
12:58:36,3aps-d1gk-4j29,1201276034,398.6,-,App 1 Error,TMW,-,-
12:58:38,yxwp-dqbw-kc7o,6327299439,249.2,-,-,-,8;2;5;2,26
12:58:40,ljam-6atc-69lt,2542129900,935.4,-,-,-,6;9;7;3,10
12:58:50,4gwq-2wxz-nmzv,8328011623,932.2,-,TMW update,Unknown,-,-
12:58:51,cxko-91ov-hww5,3248188635,245.8,-,Authentication Error,Unknown,-,-
12:59:08,5808-uz60-5epz,5332390070,486.0,-,UI update,TMW,-,-
12:59:14,7uuv-b3wm-k5qp,4452163003,271.4,-,Authentication Error,Client,-,-
12:59:28,dyb6-m0vr-91ku,5488387860,349.4,-,-,-,5;4;4;7,1
12:59:30,6f6w-ifle-1wux,3807608257,390.7,-,Unknown,App,-,-
12:59:54,2ueg-wu4f-v3ja,9169192432,128.7,Browser,-,-,-,-
13:00:01,69vo-cndg-89ea,3585428722,275.2,App 2,-,-,-,-
13:00:02,22xn-70o7-815u,1034932138,791.2,Watchdog,-,-,-,-
13:00:05,e8an-76c8-2nym,2559143236,701.8,-,-,-,3;7;1;5,17
13:00:12,9p3h-0oab-yf7l,7231920288,590.5,-,-,-,4;9;9;8,22
13:00:20,8b0s-kaov-h0jw,1034932138,180.9,-,-,-,-3,-
13:00:25,wmmy-aq3c-943u,9412544765,379.4,-,UI update,Live,-,-
13:01:02,gey2-218o-jrit,9556245761,699.3,App 1,-,-,-,-
13:01:08,z1j1-dnut-lvg1,9822767595,233.4,-,App 1 Error,App,-,-
13:01:09,5k6o-cbdv-1dxa,6960038826,704.0,Browser,-,-,-,-
13:01:09,z1j1-dnut-lvg1,9822767595,397.3,-,-,-,-3,-
13:01:13,ruu1-51yu-cv3b,2837426112,612.4,Browser,-,-,-,-
13:01:27,5808-uz60-5epz,5332390070,172.7,-,App 2 Error,App,-,-
13:01:36,vsy8-huu8-gtpn,9501569279,801.6,Watchdog,-,-,-,-
13:01:38,k14x-5slz-muex,4783198577,978.7,-,-,-,6;9;9;4,8
13:01:42,2fcm-yh45-artg,3931493377,439.3,-,-,-,3;2;1;7,13
13:02:00,6f6w-ifle-1wux,3807608257,793.1,-,-,-,-3,-
13:02:07,yxwp-dqbw-kc7o,6327299439,126.4,-,-,-,7;6;6;6,33
13:02:07,22xn-70o7-815u,1034932138,435.9,-,-,-,5;2;7;2,35
13:02:13,3aps-d1gk-4j29,1201276034,503.5,-,-,-,-3,-
13:02:17,3aps-d1gk-4j29,1201276034,996.2,Watchdog,-,-,-,-
13:02:22,xqdi-k5gw-5vkg,5459519898,672.2,-,-,-,9;2;5;2,1
13:02:23,7hus-srih-y96a,8202648940,272.6,Connection Timeout,-,-,-,-
13:02:48,4t1b-y5j9-ewhc,9071913507,462.7,-,-,-,4;9;8;6,22
13:02:49,0xs2-axqg-n4c9,7373274794,855.5,-,-,-,0;7;6;3,4
13:02:58,7kef-3uv2-okwn,2007821877,857.3,App 1,-,-,-,-
13:02:59,95op-4086-lgif,5080693212,690.1,Watchdog,-,-,-,-
13:03:01,8b0s-kaov-h0jw,1034932138,405.3,-,Connection Error,TMW,-,-
13:03:13,9ype-52lr-80hg,9412544765,433.3,Connection Timeout,-,-,-,-
13:03:13,0fs1-m4ew-25la,9501569279,729.0,-,App 1 Error,Unknown,-,-
13:03:37,wmmy-aq3c-943u,9412544765,847.1,-,-,-,-3,-
13:03:38,k14x-5slz-muex,4783198577,938.5,-,-,-,3;0;2;8,33
13:03:47,xqdi-k5gw-5vkg,5459519898,206.7,-,Unknown,Unknown,-,-
13:03:54,k22n-b4yq-f95p,3248188635,545.9,-,-,-,-3,-
13:04:18,vev6-8pka-337i,2785999273,356.3,Connection Timeout,-,-,-,-
13:04:24,vev6-8pka-337i,2785999273,974.5,-,-,-,8;0;1;1,25
13:04:25,9ype-52lr-80hg,9412544765,943.7,-,TMW update,Unknown,-,-
13:04:41,0fs1-m4ew-25la,9501569279,326.4,Connection Timeout,-,-,-,-
13:04:45,fv88-l62e-ont0,7404247340,490.8,UI,-,-,-,-
13:05:07,4gwq-2wxz-nmzv,8328011623,300.8,App 2,-,-,-,-
13:05:14,zpku-0pi8-36j7,7081228750,143.9,-,-,-,7;9;1;2,13
13:05:22,h2rl-7lyl-bd14,3807608257,953.2,-,App 1 Error,App,-,-
13:05:25,plgl-593x-kzud,1201276034,719.9,-,-,-,-3,-
13:05:29,pdgl-gi4c-g2w6,3311612371,684.7,-,-,-,6;7;4;4,23
13:05:35,x4jb-vyev-xwfy,8503815277,646.3,-,-,-,4;1;4;6,15
13:05:39,0fs1-m4ew-25la,9501569279,249.5,UI,-,-,-,-
13:06:00,gz3o-8sr6-hwuk,3232490615,785.3,-,UI update,App,-,-
13:06:09,gfbj-xtlz-w124,3585428722,651.6,-,-,-,-3,-
13:06:17,8c5v-837j-p8xr,7946253541,661.2,-,Connection Error,Live,-,-
13:06:21,zpku-0pi8-36j7,7081228750,794.2,App 2,-,-,-,-
13:06:52,x4jb-vyev-xwfy,8503815277,983.1,-,-,-,8;6;8;3,7
13:07:00,bs11-dz7x-ptye,7401399698,195.9,-,-,-,-3,-
13:07:03,x4jb-vyev-xwfy,8503815277,889.6,-,TMW update,TMW,-,-
13:07:09,a7ik-1crj-bron,4955695862,214.7,-,Authentication Error,Client,-,-
13:07:27,3u46-i1d9-u6y1,3878077574,785.8,-,-,-,8;3;2;3,27
13:07:31,kfd6-yt1z-mbi4,3311612371,921.3,Watchdog,-,-,-,-
13:07:36,9p3h-0oab-yf7l,7231920288,666.1,-,-,-,6;7;3;4,16
13:07:43,07rg-7vzq-m493,2622334053,366.7,-,-,-,4;9;9;3,17
13:08:08,8c5v-837j-p8xr,7946253541,938.8,-,Connection Error,Live,-,-
13:08:18,bs11-dz7x-ptye,7401399698,546.7,-,-,-,-3,-
13:08:21,bs11-dz7x-ptye,7401399698,109.0,-,-,-,-3,-
13:08:29,plgl-593x-kzud,1201276034,260.0,-,-,-,-3,-
13:08:29,1huw-yv2w-tmdr,9470279726,403.7,-,-,-,-3,-
13:08:32,gdt3-mwq4-shnh,3869194297,550.4,App 2,-,-,-,-
13:08:44,c2r5-k93w-byw9,8328011623,824.8,-,Connection Error,App,-,-
13:08:45,c1iv-cmk1-im6f,8048099532,541.8,-,-,-,7;7;6;5,25
13:08:57,cj4j-out7-n3zq,2484559897,461.6,App 1,-,-,-,-
13:09:07,78z0-8fwv-vgh7,8344066946,152.8,-,-,-,4;2;3;7,23
13:09:23,823z-jrty-8bxo,1201276034,785.8,App 1,-,-,-,-
13:09:26,prq6-4ovu-m4et,1775286042,514.5,Browser,-,-,-,-
13:10:04,q12t-vf8s-ecc1,9470279726,573.6,-,App 2 Error,Client,-,-
13:10:11,c2r5-k93w-byw9,8328011623,731.1,-,-,-,4;8;6;3,19
13:10:11,2fcm-yh45-artg,3931493377,941.4,-,Unknown,Unknown,-,-
13:10:24,cj4j-out7-n3zq,2484559897,426.3,-,Connection Error,Client,-,-
13:10:31,tsl9-9pp0-h51b,9240475723,141.4,Watchdog,-,-,-,-
13:10:34,4gwq-2wxz-nmzv,8328011623,642.3,-,-,-,-3,-
13:10:43,7uqy-wfxy-ql3o,5126325937,844.7,-,-,-,1;4;0;7,40
13:10:46,6f6w-ifle-1wux,3807608257,322.5,App 1,-,-,-,-
13:10:51,bt93-pbah-8w6c,3931493377,614.7,-,-,-,-3,-
13:10:53,2fcm-yh45-artg,3931493377,415.1,-,App 1 Error,Client,-,-
13:11:16,m39u-8qh5-4v89,7377809257,703.0,Browser,-,-,-,-
13:11:49,gfbj-xtlz-w124,3585428722,748.3,UI,-,-,-,-
13:12:06,6f6w-ifle-1wux,3807608257,453.6,-,App 1 Error,Unknown,-,-
13:12:08,qvcv-ru02-hqv8,2484559897,971.5,-,Authentication Error,App,-,-
13:12:15,yxwp-dqbw-kc7o,6327299439,710.8,UI,-,-,-,-
13:12:21,p4x8-5rwo-ruyt,7377809257,325.5,App 1,-,-,-,-
13:12:24,ymt4-0ypo-9g66,2554974567,360.4,Connection Timeout,-,-,-,-
13:12:30,22xn-70o7-815u,1034932138,887.2,-,-,-,4;7;9;5,21
13:12:36,2fcm-yh45-artg,3931493377,530.3,Browser,-,-,-,-
13:12:47,8b0s-kaov-h0jw,1034932138,391.9,-,-,-,-3,-
13:12:48,3aps-d1gk-4j29,1201276034,800.7,-,-,-,-3,-
13:13:01,zrow-m5su-0ppr,3931493377,384.8,-,-,-,-3,-
13:13:02,5k6o-cbdv-1dxa,6960038826,864.5,-,-,-,1;0;6;9,22
13:13:15,qsf5-ogkc-655p,1570467343,330.7,-,-,-,2;9;3;4,19
13:13:24,p0vb-6mch-zh1y,7401399698,865.2,Connection Timeout,-,-,-,-
13:13:41,pan7-3lly-o3gm,2982410686,646.2,UI,-,-,-,-
13:14:03,a7ik-1crj-bron,4955695862,292.0,-,-,-,7;6;3;9,29
13:14:05,4t1b-y5j9-ewhc,9071913507,541.9,-,Authentication Error,Client,-,-
13:14:16,7hus-srih-y96a,8202648940,647.3,-,-,-,5;7;5;9,11
13:14:30,dyb6-m0vr-91ku,5488387860,116.3,-,-,-,1;5;8;5,13
13:14:44,ljam-6atc-69lt,2542129900,744.3,-,-,-,6;5;7;6,8
13:14:45,4gwq-2wxz-nmzv,8328011623,465.5,Browser,-,-,-,-
13:14:52,qabb-jeh9-fvaj,5368244320,216.4,Connection Timeout,-,-,-,-
13:14:53,0gyx-l2zq-go4s,2554974567,158.0,-,-,-,9;2;9;7,29
13:15:07,zpku-0pi8-36j7,7081228750,351.0,App 2,-,-,-,-
13:15:12,xgtt-ulub-jbla,1034932138,889.3,-,-,-,-3,-
13:15:16,8b0s-kaov-h0jw,1034932138,137.0,Browser,-,-,-,-
13:15:34,z1j1-dnut-lvg1,9822767595,626.9,-,TMW update,Live,-,-
13:15:34,3aps-d1gk-4j29,1201276034,551.3,-,-,-,-3,-
13:15:36,k14x-5slz-muex,4783198577,837.0,-,Unknown,Live,-,-
13:15:52,yly4-1snf-a990,1775286042,812.3,-,-,-,3;2;0;0,4
13:15:58,5808-uz60-5epz,5332390070,591.1,-,App 2 Error,TMW,-,-
13:16:02,tdkf-r41d-pshc,3311612371,607.2,App 2,-,-,-,-
13:16:03,9p3h-0oab-yf7l,7231920288,966.3,App 1,-,-,-,-
13:16:51,6f6w-ifle-1wux,3807608257,304.9,-,-,-,-3,-
13:16:57,0xzn-t5i6-b4lj,6736161483,515.1,-,-,-,6;1;9;0,2
13:17:27,vsy8-huu8-gtpn,9501569279,956.4,Watchdog,-,-,-,-
13:17:29,zrow-m5su-0ppr,3931493377,755.8,Watchdog,-,-,-,-
13:17:32,5k6o-cbdv-1dxa,6960038826,937.8,-,UI update,Unknown,-,-
13:17:40,qvcv-ru02-hqv8,2484559897,649.6,-,Unknown,App,-,-
13:17:43,zcpc-0ike-j0jb,9240475723,963.3,-,Authentication Error,App,-,-
13:17:53,inqu-wzco-tsuo,9770879786,282.6,-,-,-,9;5;5;8,45
13:18:02,cj4j-out7-n3zq,2484559897,331.2,-,-,-,-3,-
13:18:14,5k6o-cbdv-1dxa,6960038826,389.5,Browser,-,-,-,-
13:18:20,3aps-d1gk-4j29,1201276034,904.7,-,UI update,TMW,-,-
13:18:24,4t1b-y5j9-ewhc,9071913507,192.5,-,-,-,4;5;2;6,34
13:18:29,gfbj-xtlz-w124,3585428722,799.1,-,-,-,-3,-
13:18:35,0nm1-1kkt-p3nl,9959885812,475.5,-,-,-,0;0;6;5,21
13:18:38,zcpc-0ike-j0jb,9240475723,214.8,-,TMW update,Unknown,-,-
13:18:47,8b0s-kaov-h0jw,1034932138,138.3,-,-,-,-3,-
13:19:00,plgl-593x-kzud,1201276034,431.6,-,Authentication Error,Live,-,-
13:19:05,0gyx-l2zq-go4s,2554974567,749.7,-,-,-,5;1;4;4,2
13:19:07,4t1b-y5j9-ewhc,9071913507,630.7,Watchdog,-,-,-,-
13:19:08,6f6w-ifle-1wux,3807608257,324.9,-,-,-,-3,-
13:19:16,a7a6-dmk5-0q5p,9556245761,886.5,-,-,-,-3,-
13:19:44,rv5t-9f2q-wcgj,2931212895,809.9,-,TMW update,App,-,-
13:19:47,0nm1-1kkt-p3nl,9959885812,428.4,App 1,-,-,-,-
13:19:55,e8an-76c8-2nym,2559143236,697.6,-,-,-,7;4;4;1,21
13:20:06,qsf5-ogkc-655p,1570467343,746.0,Watchdog,-,-,-,-
13:20:55,pan7-3lly-o3gm,2982410686,293.2,App 1,-,-,-,-
13:21:01,823z-jrty-8bxo,1201276034,232.0,-,TMW update,App,-,-
13:21:09,6f6w-ifle-1wux,3807608257,717.9,-,-,-,-3,-
13:21:12,prq6-4ovu-m4et,1775286042,151.9,Browser,-,-,-,-
13:21:37,9ih8-mhfg-vnp9,3311612371,240.0,-,UI update,Unknown,-,-
13:21:47,los7-l3iz-vja8,6009860524,817.5,Connection Timeout,-,-,-,-
13:22:01,vev6-8pka-337i,2785999273,686.9,-,-,-,7;7;6;7,3
13:22:20,p4x8-5rwo-ruyt,7377809257,456.1,-,-,-,2;3;2;3,2
13:22:20,pdgl-gi4c-g2w6,3311612371,469.8,-,Connection Error,Client,-,-
13:22:30,gz3o-8sr6-hwuk,3232490615,651.3,-,Unknown,Live,-,-
13:22:38,wx10-hyjp-2tzd,2484559897,661.7,Watchdog,-,-,-,-
13:22:41,c2r5-k93w-byw9,8328011623,640.6,-,-,-,6;0;5;1,26
13:22:56,c2oe-re84-hku8,3753165210,433.8,-,App 2 Error,Live,-,-
13:23:18,7uqy-wfxy-ql3o,5126325937,744.0,-,UI update,Live,-,-
13:23:20,ljam-6atc-69lt,2542129900,122.4,-,Unknown,App,-,-
13:23:21,0gyx-l2zq-go4s,2554974567,399.2,Watchdog,-,-,-,-
13:23:29,tdkf-r41d-pshc,3311612371,475.0,-,-,-,-3,-
13:23:43,xjg7-x4aw-ae26,9635177904,391.5,-,App 2 Error,Live,-,-
13:23:47,4t1b-y5j9-ewhc,9071913507,525.6,-,-,-,2;3;2;0,15
13:23:53,p0vb-6mch-zh1y,7401399698,936.5,-,UI update,TMW,-,-
13:23:58,gey2-218o-jrit,9556245761,386.0,-,-,-,6;2;3;5,12
13:24:13,rv5t-9f2q-wcgj,2931212895,639.1,-,TMW update,Unknown,-,-
13:24:36,07rg-7vzq-m493,2622334053,228.2,-,App 1 Error,App,-,-
13:24:42,wx10-hyjp-2tzd,2484559897,628.5,-,Connection Error,TMW,-,-
13:25:05,wmmy-aq3c-943u,9412544765,971.1,-,Unknown,TMW,-,-
13:25:34,oa47-m33n-ib27,1775286042,117.1,Connection Timeout,-,-,-,-
13:25:53,ilur-ems0-yh53,8682540073,258.3,Connection Timeout,-,-,-,-
13:25:59,x7fh-me2z-2csq,3232490615,505.2,App 1,-,-,-,-
13:25:59,wx10-hyjp-2tzd,2484559897,664.9,-,-,-,-3,-
13:26:08,rv5t-9f2q-wcgj,2931212895,225.0,UI,-,-,-,-
13:26:14,2fcm-yh45-artg,3931493377,723.3,-,UI update,Unknown,-,-
13:26:17,8c5v-837j-p8xr,7946253541,201.3,App 1,-,-,-,-
13:26:26,bt93-pbah-8w6c,3931493377,766.8,-,-,-,-3,-
13:26:39,tdkf-r41d-pshc,3311612371,246.3,-,-,-,-3,-
13:26:48,1huw-yv2w-tmdr,9470279726,761.4,-,Connection Error,App,-,-
13:26:49,6gmx-0jbg-5m6r,9822767595,776.2,Watchdog,-,-,-,-
13:27:00,pdgl-gi4c-g2w6,3311612371,614.4,-,Unknown,TMW,-,-
13:27:03,6f6w-ifle-1wux,3807608257,591.1,Browser,-,-,-,-
13:27:14,gdt3-mwq4-shnh,3869194297,927.5,-,-,-,0;6;3;0,25
13:27:14,gey2-218o-jrit,9556245761,393.6,-,TMW update,Live,-,-
13:27:45,7hus-srih-y96a,8202648940,857.4,-,Unknown,Unknown,-,-
13:27:46,ymt4-0ypo-9g66,2554974567,128.5,-,Unknown,App,-,-
13:28:17,gey2-218o-jrit,9556245761,463.0,-,-,-,7;3;1;5,6
13:28:27,c2oe-re84-hku8,3753165210,514.1,App 2,-,-,-,-
13:28:33,ihck-fa48-dxi4,9412544765,325.4,-,App 2 Error,Unknown,-,-
13:28:38,wx10-hyjp-2tzd,2484559897,881.7,-,-,-,-3,-
13:28:50,oa47-m33n-ib27,1775286042,646.3,-,App 1 Error,Live,-,-
13:28:56,6f6w-ifle-1wux,3807608257,342.2,-,TMW update,Unknown,-,-
13:29:01,wx10-hyjp-2tzd,2484559897,566.8,App 2,-,-,-,-
13:29:18,vev6-8pka-337i,2785999273,824.5,-,App 1 Error,Unknown,-,-
13:29:29,z1j1-dnut-lvg1,9822767595,410.5,-,App 1 Error,Unknown,-,-
13:29:46,fv88-l62e-ont0,7404247340,588.1,Watchdog,-,-,-,-
13:29:54,6f6w-ifle-1wux,3807608257,805.3,Connection Timeout,-,-,-,-
13:30:09,wx10-hyjp-2tzd,2484559897,277.1,-,App 1 Error,App,-,-
13:30:12,zosg-jzs9-6exg,2554974567,200.2,-,-,-,-3,-
13:30:24,c1iv-cmk1-im6f,8048099532,663.9,-,App 1 Error,Client,-,-
13:30:44,pan7-3lly-o3gm,2982410686,690.3,Connection Timeout,-,-,-,-
13:31:11,vev6-8pka-337i,2785999273,589.3,-,App 2 Error,App,-,-
13:31:12,9ype-52lr-80hg,9412544765,477.0,App 1,-,-,-,-
13:31:14,ymt4-0ypo-9g66,2554974567,476.1,-,Connection Error,Unknown,-,-
13:31:15,ihck-fa48-dxi4,9412544765,789.3,-,-,-,-3,-
13:31:30,2fcm-yh45-artg,3931493377,836.9,-,-,-,1;2;5;2,25
13:31:30,7hus-srih-y96a,8202648940,615.2,-,-,-,2;4;4;6,14
13:31:47,qvcv-ru02-hqv8,2484559897,981.9,-,Connection Error,Live,-,-
13:32:01,wx10-hyjp-2tzd,2484559897,861.6,Browser,-,-,-,-
13:32:03,a7a6-dmk5-0q5p,9556245761,715.9,-,-,-,-3,-
13:32:09,2fcm-yh45-artg,3931493377,383.1,-,-,-,9;7;8;5,26
13:32:25,ofkf-5cdn-53zn,2837426112,358.9,-,Unknown,Unknown,-,-
13:32:30,7uqy-wfxy-ql3o,5126325937,690.2,-,TMW update,Client,-,-
13:32:41,yxwp-dqbw-kc7o,6327299439,586.9,-,-,-,9;1;1;4,24
13:32:56,a7ik-1crj-bron,4955695862,401.8,-,App 2 Error,TMW,-,-
13:33:01,3aps-d1gk-4j29,1201276034,131.5,-,-,-,-3,-
13:33:08,v8o5-1y3q-8r99,7404247340,334.2,-,Unknown,App,-,-
13:33:14,ymt4-0ypo-9g66,2554974567,323.9,UI,-,-,-,-
13:33:17,ilur-ems0-yh53,8682540073,870.0,-,TMW update,TMW,-,-
13:33:24,5808-uz60-5epz,5332390070,954.2,-,TMW update,App,-,-
13:33:29,eqb3-811u-4hmx,3807608257,114.9,App 1,-,-,-,-
13:33:43,oqcr-t11z-aazy,2337628713,526.4,-,TMW update,Client,-,-
13:33:45,9ype-52lr-80hg,9412544765,249.9,-,Unknown,App,-,-
13:33:48,fv88-l62e-ont0,7404247340,176.8,Browser,-,-,-,-
13:33:51,yly4-1snf-a990,1775286042,114.4,-,-,-,3;7;0;3,7
13:33:54,5k6o-cbdv-1dxa,6960038826,819.1,-,Authentication Error,TMW,-,-
13:34:11,ljam-6atc-69lt,2542129900,927.4,-,App 1 Error,Unknown,-,-
13:34:22,vev6-8pka-337i,2785999273,303.4,-,-,-,9;4;6;4,28
13:34:27,823z-jrty-8bxo,1201276034,942.0,-,Connection Error,TMW,-,-
13:34:32,prq6-4ovu-m4et,1775286042,476.7,-,-,-,-3,-
13:34:39,8b0s-kaov-h0jw,1034932138,635.8,-,App 1 Error,Client,-,-
13:34:41,jsv2-ofsk-py5a,4927856987,448.1,-,App 2 Error,Live,-,-
13:34:57,07rg-7vzq-m493,2622334053,102.6,Browser,-,-,-,-
13:35:01,cxko-91ov-hww5,3248188635,509.5,Watchdog,-,-,-,-
13:35:05,0xs2-axqg-n4c9,7373274794,602.9,Watchdog,-,-,-,-
13:35:10,p0vb-6mch-zh1y,7401399698,138.9,Watchdog,-,-,-,-
13:35:20,823z-jrty-8bxo,1201276034,637.5,-,-,-,9;7;0;1,23
13:35:24,qsf5-ogkc-655p,1570467343,122.0,App 1,-,-,-,-
13:35:25,7mug-f6xe-5v27,7698642007,675.1,App 2,-,-,-,-
13:35:36,8c5v-837j-p8xr,7946253541,832.5,-,App 1 Error,TMW,-,-
13:35:38,9p3h-0oab-yf7l,7231920288,611.5,-,TMW update,Client,-,-
13:35:41,7uqy-wfxy-ql3o,5126325937,234.9,-,TMW update,Unknown,-,-
13:35:45,h2rl-7lyl-bd14,3807608257,291.8,Browser,-,-,-,-
13:36:02,6gmx-0jbg-5m6r,9822767595,122.9,Browser,-,-,-,-
13:36:06,4t1b-y5j9-ewhc,9071913507,677.4,-,UI update,App,-,-
13:36:19,yxwp-dqbw-kc7o,6327299439,194.5,-,-,-,1;3;1;9,30
13:36:20,gdt3-mwq4-shnh,3869194297,645.5,-,-,-,7;6;4;8,16
13:36:33,h1vt-019i-e2s3,3936540702,291.1,-,-,-,0;5;2;0,19
13:36:39,wmmy-aq3c-943u,9412544765,453.7,-,-,-,-3,-
13:36:48,plgl-593x-kzud,1201276034,669.1,-,TMW update,Live,-,-
13:36:53,gey2-218o-jrit,9556245761,602.5,-,App 2 Error,Unknown,-,-
13:36:56,plgl-593x-kzud,1201276034,678.2,-,-,-,-3,-
13:36:56,1huw-yv2w-tmdr,9470279726,801.6,UI,-,-,-,-
13:36:59,3aps-d1gk-4j29,1201276034,617.6,Browser,-,-,-,-
13:37:13,7kef-3uv2-okwn,2007821877,206.7,-,Authentication Error,Live,-,-
13:37:39,hybb-wgci-2wgg,9412544765,613.1,UI,-,-,-,-
13:37:40,oqcr-t11z-aazy,2337628713,692.4,-,-,-,7;1;9;0,13
13:37:50,ymt4-0ypo-9g66,2554974567,915.3,App 1,-,-,-,-
13:38:12,zosg-jzs9-6exg,2554974567,762.5,Watchdog,-,-,-,-
13:38:18,ihck-fa48-dxi4,9412544765,172.6,Watchdog,-,-,-,-
13:38:49,wmmy-aq3c-943u,9412544765,767.1,-,UI update,Client,-,-
13:38:58,rv5t-9f2q-wcgj,2931212895,334.8,Connection Timeout,-,-,-,-
13:39:11,8c5v-837j-p8xr,7946253541,835.1,-,Authentication Error,App,-,-
13:39:20,0fs1-m4ew-25la,9501569279,134.3,-,-,-,-3,-
13:39:31,zrow-m5su-0ppr,3931493377,233.3,-,TMW update,Unknown,-,-
13:39:31,xjg7-x4aw-ae26,9635177904,606.0,-,App 2 Error,App,-,-
13:39:36,3aps-d1gk-4j29,1201276034,998.4,-,-,-,-3,-
13:39:50,9p3h-0oab-yf7l,7231920288,231.0,UI,-,-,-,-
13:39:59,0fs1-m4ew-25la,9501569279,196.7,Watchdog,-,-,-,-
13:40:10,los7-l3iz-vja8,6009860524,195.0,-,Unknown,App,-,-
13:40:13,los7-l3iz-vja8,6009860524,588.2,UI,-,-,-,-
13:40:14,9p3h-0oab-yf7l,7231920288,477.2,UI,-,-,-,-
13:40:25,22xn-70o7-815u,1034932138,580.3,-,-,-,1;7;1;7,38
13:40:30,eqb3-811u-4hmx,3807608257,131.4,-,UI update,Unknown,-,-
13:40:42,8b0s-kaov-h0jw,1034932138,990.2,-,Unknown,Unknown,-,-
13:41:05,4t1b-y5j9-ewhc,9071913507,848.5,-,-,-,5;1;5;4,16
13:41:06,los7-l3iz-vja8,6009860524,444.0,Browser,-,-,-,-
13:41:08,4t1b-y5j9-ewhc,9071913507,846.9,-,App 1 Error,Live,-,-
13:41:13,8b0s-kaov-h0jw,1034932138,615.3,Connection Timeout,-,-,-,-
13:41:26,qabb-jeh9-fvaj,5368244320,918.5,-,UI update,Live,-,-
13:41:39,zpku-0pi8-36j7,7081228750,180.4,-,-,-,5;0;3;2,18
13:41:40,h1vt-019i-e2s3,3936540702,360.5,-,App 1 Error,TMW,-,-
13:42:05,0fs1-m4ew-25la,9501569279,606.5,App 1,-,-,-,-
13:42:17,95op-4086-lgif,5080693212,957.7,-,-,-,8;3;7;6,28
13:42:29,jsv2-ofsk-py5a,4927856987,859.2,-,UI update,Client,-,-
13:42:30,7hus-srih-y96a,8202648940,761.9,-,-,-,3;6;5;9,3
13:42:39,9ype-52lr-80hg,9412544765,828.2,UI,-,-,-,-
13:42:48,e8an-76c8-2nym,2559143236,547.7,-,App 1 Error,App,-,-
13:42:53,9ih8-mhfg-vnp9,3311612371,363.4,-,Authentication Error,Live,-,-
13:43:00,a7a6-dmk5-0q5p,9556245761,608.8,-,-,-,-3,-
13:43:20,zcpc-0ike-j0jb,9240475723,181.0,-,-,-,7;0;5;2,21
13:43:20,xqdi-k5gw-5vkg,5459519898,897.2,Connection Timeout,-,-,-,-
13:43:22,wmmy-aq3c-943u,9412544765,265.6,-,-,-,-3,-
13:43:23,2oo7-7zfg-ym1v,7470925262,896.1,-,Unknown,Unknown,-,-
13:43:29,gdt3-mwq4-shnh,3869194297,270.6,-,App 2 Error,TMW,-,-
13:43:35,vev6-8pka-337i,2785999273,665.0,Connection Timeout,-,-,-,-
13:43:36,p0vb-6mch-zh1y,7401399698,886.2,-,App 2 Error,TMW,-,-
13:43:49,h1vt-019i-e2s3,3936540702,520.2,Watchdog,-,-,-,-
13:43:57,vev6-8pka-337i,2785999273,111.3,Watchdog,-,-,-,-
13:43:57,zpku-0pi8-36j7,7081228750,270.9,-,-,-,5;9;2;9,5
13:44:02,22xn-70o7-815u,1034932138,966.4,-,App 1 Error,App,-,-
13:44:07,3aps-d1gk-4j29,1201276034,369.4,App 1,-,-,-,-
13:44:19,8c5v-837j-p8xr,7946253541,698.5,-,-,-,5;4;7;1,7
13:44:20,bs11-dz7x-ptye,7401399698,854.1,-,App 2 Error,TMW,-,-
13:44:32,gz3o-8sr6-hwuk,3232490615,196.2,Connection Timeout,-,-,-,-
13:44:34,ofkf-5cdn-53zn,2837426112,878.8,Connection Timeout,-,-,-,-
13:44:53,2oo7-7zfg-ym1v,7470925262,446.9,-,-,-,8;8;4;7,17
13:44:58,a7a6-dmk5-0q5p,9556245761,248.6,-,App 1 Error,Client,-,-
13:45:04,9p3h-0oab-yf7l,7231920288,201.2,-,-,-,0;7;2;6,7
13:45:10,xqdi-k5gw-5vkg,5459519898,632.7,-,-,-,8;4;2;2,5
13:45:20,inqu-wzco-tsuo,9770879786,937.9,-,UI update,Live,-,-
13:45:25,5k6o-cbdv-1dxa,6960038826,201.1,-,-,-,6;7;6;9,2
13:45:31,zosg-jzs9-6exg,2554974567,814.5,-,-,-,-3,-
13:45:48,v8o5-1y3q-8r99,7404247340,679.1,-,App 1 Error,Unknown,-,-
13:46:21,c3ft-6ot1-ptzo,1255315581,731.7,Browser,-,-,-,-
13:46:27,gfbj-xtlz-w124,3585428722,629.5,UI,-,-,-,-
13:46:30,ljam-6atc-69lt,2542129900,662.6,App 1,-,-,-,-
13:46:36,95op-4086-lgif,5080693212,400.7,-,-,-,9;3;8;2,18
13:46:40,7uqy-wfxy-ql3o,5126325937,617.1,-,-,-,8;9;7;8,38
13:46:45,2fcm-yh45-artg,3931493377,504.1,-,UI update,App,-,-
13:46:45,3u46-i1d9-u6y1,3878077574,325.5,-,Connection Error,TMW,-,-
13:46:47,8b0s-kaov-h0jw,1034932138,959.8,-,UI update,Client,-,-
13:46:50,m39u-8qh5-4v89,7377809257,187.3,-,-,-,-3,-
13:46:55,95op-4086-lgif,5080693212,609.1,-,-,-,8;0;8;5,16
13:47:13,qvcv-ru02-hqv8,2484559897,468.0,App 1,-,-,-,-
13:47:17,xgtt-ulub-jbla,1034932138,731.2,Connection Timeout,-,-,-,-
13:47:32,h1vt-019i-e2s3,3936540702,644.8,-,-,-,5;3;9;3,6
13:47:33,eqb3-811u-4hmx,3807608257,562.9,Watchdog,-,-,-,-
13:47:45,x4jb-vyev-xwfy,8503815277,762.1,-,-,-,7;5;7;6,29
13:48:20,8b0s-kaov-h0jw,1034932138,685.3,-,-,-,-3,-
13:48:30,k14x-5slz-muex,4783198577,887.3,-,-,-,4;2;3;9,24
13:48:44,pdgl-gi4c-g2w6,3311612371,484.4,Watchdog,-,-,-,-
13:48:56,ljam-6atc-69lt,2542129900,644.4,Connection Timeout,-,-,-,-
13:49:30,2ueg-wu4f-v3ja,9169192432,607.2,UI,-,-,-,-
13:49:36,0fs1-m4ew-25la,9501569279,432.6,-,Connection Error,Client,-,-
13:49:55,wx10-hyjp-2tzd,2484559897,109.3,-,-,-,-3,-
13:50:03,8c5v-837j-p8xr,7946253541,990.3,-,Unknown,App,-,-
13:50:23,4t1b-y5j9-ewhc,9071913507,733.2,-,-,-,7;6;5;9,33
13:50:25,xqdi-k5gw-5vkg,5459519898,620.6,Connection Timeout,-,-,-,-
13:50:29,4gwq-2wxz-nmzv,8328011623,745.8,-,-,-,-3,-
13:50:35,vev6-8pka-337i,2785999273,518.5,-,App 1 Error,TMW,-,-
13:50:43,rv5t-9f2q-wcgj,2931212895,834.3,-,Authentication Error,Live,-,-
13:50:55,k22n-b4yq-f95p,3248188635,521.6,-,Authentication Error,App,-,-
13:51:06,cj4j-out7-n3zq,2484559897,720.7,-,Unknown,Client,-,-
13:51:20,vev6-8pka-337i,2785999273,911.6,App 2,-,-,-,-
13:51:25,07rg-7vzq-m493,2622334053,913.5,-,-,-,6;2;0;0,1
13:51:45,plgl-593x-kzud,1201276034,948.6,-,-,-,-3,-
13:51:53,0fs1-m4ew-25la,9501569279,108.1,-,-,-,-3,-
13:52:03,tdkf-r41d-pshc,3311612371,903.7,-,TMW update,Live,-,-
13:52:24,qabb-jeh9-fvaj,5368244320,943.6,-,UI update,TMW,-,-
13:52:27,c2oe-re84-hku8,3753165210,646.4,-,Connection Error,TMW,-,-
13:52:29,pan7-3lly-o3gm,2982410686,799.2,-,Unknown,App,-,-
13:52:31,prq6-4ovu-m4et,1775286042,174.9,App 1,-,-,-,-
13:52:34,0nm1-1kkt-p3nl,9959885812,657.6,App 2,-,-,-,-
13:52:41,kfd6-yt1z-mbi4,3311612371,136.3,-,-,-,-3,-
13:52:53,xgtt-ulub-jbla,1034932138,143.4,-,App 1 Error,Unknown,-,-
13:52:56,k22n-b4yq-f95p,3248188635,960.3,-,-,-,-3,-
13:53:12,vev6-8pka-337i,2785999273,253.1,-,App 1 Error,Live,-,-
13:53:12,m39u-8qh5-4v89,7377809257,500.5,Watchdog,-,-,-,-
13:53:29,7mug-f6xe-5v27,7698642007,739.1,-,Unknown,Unknown,-,-
13:53:32,jsv2-ofsk-py5a,4927856987,160.3,-,-,-,0;6;5;1,1
13:53:33,prq6-4ovu-m4et,1775286042,611.7,-,Authentication Error,Live,-,-
13:53:42,cj4j-out7-n3zq,2484559897,853.7,-,Unknown,Unknown,-,-
13:53:52,qsf5-ogkc-655p,1570467343,394.5,-,TMW update,App,-,-
13:53:58,7uuv-b3wm-k5qp,4452163003,646.8,-,Authentication Error,Unknown,-,-
13:54:13,rv5t-9f2q-wcgj,2931212895,947.6,-,-,-,7;3;8;9,24
13:54:13,plgl-593x-kzud,1201276034,596.9,-,-,-,-3,-
13:54:15,e8an-76c8-2nym,2559143236,828.6,-,TMW update,Client,-,-
13:54:23,zrow-m5su-0ppr,3931493377,532.2,-,-,-,-3,-
13:54:41,qvcv-ru02-hqv8,2484559897,184.7,UI,-,-,-,-
13:54:42,qabb-jeh9-fvaj,5368244320,481.8,-,-,-,2;2;5;7,23
13:54:53,pan7-3lly-o3gm,2982410686,437.6,-,-,-,2;6;8;3,5
13:55:04,pan7-3lly-o3gm,2982410686,203.9,Browser,-,-,-,-
13:55:13,prq6-4ovu-m4et,1775286042,516.9,UI,-,-,-,-
13:55:27,1huw-yv2w-tmdr,9470279726,871.2,Watchdog,-,-,-,-
13:55:47,7mug-f6xe-5v27,7698642007,314.9,Connection Timeout,-,-,-,-
13:55:57,7uuv-b3wm-k5qp,4452163003,489.4,-,-,-,7;6;7;4,29
13:56:07,wx10-hyjp-2tzd,2484559897,985.0,-,-,-,-3,-
13:56:08,ofkf-5cdn-53zn,2837426112,507.1,-,Connection Error,Live,-,-
13:56:13,h2rl-7lyl-bd14,3807608257,343.6,-,Unknown,TMW,-,-
13:56:21,gey2-218o-jrit,9556245761,206.9,-,-,-,7;3;2;7,22
13:56:23,9ype-52lr-80hg,9412544765,345.2,Watchdog,-,-,-,-
13:56:25,5808-uz60-5epz,5332390070,882.8,App 2,-,-,-,-
13:56:45,bs11-dz7x-ptye,7401399698,507.1,-,Authentication Error,Unknown,-,-
13:56:48,7uuv-b3wm-k5qp,4452163003,757.4,Watchdog,-,-,-,-
13:56:49,vev6-8pka-337i,2785999273,611.9,-,-,-,5;1;3;2,9
13:56:57,qabb-jeh9-fvaj,5368244320,632.4,-,-,-,4;1;9;9,18
13:57:03,2oo7-7zfg-ym1v,7470925262,563.9,-,App 2 Error,Client,-,-
13:57:24,5k6o-cbdv-1dxa,6960038826,658.3,UI,-,-,-,-
13:57:25,6f6w-ifle-1wux,3807608257,833.8,-,App 2 Error,Unknown,-,-
13:57:27,95op-4086-lgif,5080693212,235.0,Browser,-,-,-,-
13:57:31,9ih8-mhfg-vnp9,3311612371,556.5,-,-,-,-3,-
13:57:50,dyb6-m0vr-91ku,5488387860,694.3,-,Connection Error,TMW,-,-
13:58:03,gdt3-mwq4-shnh,3869194297,473.9,-,Authentication Error,Client,-,-
13:58:18,2fcm-yh45-artg,3931493377,724.3,-,UI update,App,-,-
13:58:19,jsv2-ofsk-py5a,4927856987,702.6,UI,-,-,-,-
13:58:19,inqu-wzco-tsuo,9770879786,687.5,-,-,-,2;4;3;5,29
13:58:27,k14x-5slz-muex,4783198577,469.4,-,-,-,1;6;0;4,36
13:58:27,rv5t-9f2q-wcgj,2931212895,362.7,-,-,-,7;5;9;2,31
13:58:39,bs11-dz7x-ptye,7401399698,796.2,-,-,-,-3,-
13:58:39,xqdi-k5gw-5vkg,5459519898,962.1,-,-,-,1;3;1;9,12
13:58:41,ruu1-51yu-cv3b,2837426112,608.3,-,-,-,1;8;2;5,15
13:58:59,yly4-1snf-a990,1775286042,739.2,-,-,-,1;2;9;4,2
13:59:15,c2r5-k93w-byw9,8328011623,697.1,App 1,-,-,-,-
13:59:21,3u46-i1d9-u6y1,3878077574,505.6,-,UI update,Live,-,-
13:59:33,zpku-0pi8-36j7,7081228750,842.5,-,Unknown,TMW,-,-
13:59:34,0gyx-l2zq-go4s,2554974567,287.8,-,-,-,8;3;0;5,16
13:59:38,oqcr-t11z-aazy,2337628713,951.7,-,-,-,0;6;1;4,14
13:59:47,5808-uz60-5epz,5332390070,852.7,-,-,-,1;3;6;6,31
14:00:00,zrow-m5su-0ppr,3931493377,250.5,-,-,-,-3,-
14:00:38,gey2-218o-jrit,9556245761,924.3,Watchdog,-,-,-,-
14:00:44,78z0-8fwv-vgh7,8344066946,786.2,App 2,-,-,-,-
14:01:03,9ype-52lr-80hg,9412544765,793.3,-,UI update,Live,-,-
14:01:23,xqdi-k5gw-5vkg,5459519898,906.6,-,-,-,3;4;1;4,22
14:01:50,k14x-5slz-muex,4783198577,117.2,App 2,-,-,-,-
14:01:58,gey2-218o-jrit,9556245761,799.7,-,-,-,7;6;7;3,25
14:02:02,q12t-vf8s-ecc1,9470279726,671.0,-,-,-,7;4;5;5,6
14:02:12,6gmx-0jbg-5m6r,9822767595,145.0,-,App 2 Error,Unknown,-,-
14:02:15,ljam-6atc-69lt,2542129900,543.8,-,TMW update,Unknown,-,-
14:02:35,9p3h-0oab-yf7l,7231920288,482.0,Browser,-,-,-,-
14:02:38,kfd6-yt1z-mbi4,3311612371,574.7,-,-,-,-3,-
14:02:54,oa47-m33n-ib27,1775286042,633.7,-,-,-,-3,-
14:03:14,8b0s-kaov-h0jw,1034932138,378.1,-,-,-,-3,-
14:03:29,5k6o-cbdv-1dxa,6960038826,626.1,Browser,-,-,-,-
14:03:44,eqb3-811u-4hmx,3807608257,297.5,Connection Timeout,-,-,-,-
14:03:53,ruu1-51yu-cv3b,2837426112,844.2,Browser,-,-,-,-
14:03:56,zrow-m5su-0ppr,3931493377,846.8,-,-,-,-3,-
14:04:00,jsv2-ofsk-py5a,4927856987,730.9,-,Unknown,TMW,-,-
14:04:17,ofkf-5cdn-53zn,2837426112,481.9,UI,-,-,-,-
14:04:24,07rg-7vzq-m493,2622334053,127.1,App 1,-,-,-,-
14:04:41,4t1b-y5j9-ewhc,9071913507,812.2,Watchdog,-,-,-,-
14:04:44,prq6-4ovu-m4et,1775286042,496.8,-,App 2 Error,Unknown,-,-
14:04:47,k22n-b4yq-f95p,3248188635,300.9,-,UI update,Client,-,-
14:04:50,6f6w-ifle-1wux,3807608257,765.3,-,-,-,-3,-
14:05:00,m39u-8qh5-4v89,7377809257,210.2,-,UI update,TMW,-,-
14:05:19,tsl9-9pp0-h51b,9240475723,726.8,-,App 2 Error,Unknown,-,-
14:05:23,4t1b-y5j9-ewhc,9071913507,617.4,UI,-,-,-,-
14:05:26,rv5t-9f2q-wcgj,2931212895,244.6,-,App 1 Error,TMW,-,-
14:05:46,p0vb-6mch-zh1y,7401399698,912.1,Connection Timeout,-,-,-,-
14:05:47,oqcr-t11z-aazy,2337628713,230.9,-,TMW update,Live,-,-
14:05:49,wmmy-aq3c-943u,9412544765,607.4,-,Connection Error,Unknown,-,-
14:05:58,a7ik-1crj-bron,4955695862,967.2,App 1,-,-,-,-
14:06:00,vev6-8pka-337i,2785999273,875.7,Connection Timeout,-,-,-,-
14:06:06,8b0s-kaov-h0jw,1034932138,214.8,App 2,-,-,-,-
14:06:15,6f6w-ifle-1wux,3807608257,513.7,App 2,-,-,-,-
14:06:20,c1iv-cmk1-im6f,8048099532,135.1,Browser,-,-,-,-
14:06:34,dyb6-m0vr-91ku,5488387860,405.5,-,Authentication Error,App,-,-
14:06:48,rv5t-9f2q-wcgj,2931212895,780.9,Connection Timeout,-,-,-,-
14:06:59,vsy8-huu8-gtpn,9501569279,200.0,-,App 2 Error,TMW,-,-
14:07:28,22xn-70o7-815u,1034932138,547.8,-,-,-,7;8;2;1,19
14:07:44,ljam-6atc-69lt,2542129900,401.7,App 1,-,-,-,-
14:07:50,plgl-593x-kzud,1201276034,283.0,-,Unknown,Client,-,-
14:08:00,zrow-m5su-0ppr,3931493377,494.5,Browser,-,-,-,-
14:08:14,cxko-91ov-hww5,3248188635,936.0,-,UI update,Client,-,-
14:08:30,7uuv-b3wm-k5qp,4452163003,330.8,Browser,-,-,-,-
14:08:37,22xn-70o7-815u,1034932138,560.8,-,-,-,7;8;7;7,4
14:09:03,dyb6-m0vr-91ku,5488387860,398.1,-,TMW update,TMW,-,-
14:09:20,c2r5-k93w-byw9,8328011623,323.3,-,-,-,2;0;4;8,12
14:09:38,ihck-fa48-dxi4,9412544765,286.5,App 2,-,-,-,-
14:09:42,c3ft-6ot1-ptzo,1255315581,176.1,App 2,-,-,-,-
14:09:45,tdkf-r41d-pshc,3311612371,664.7,-,UI update,TMW,-,-
14:10:18,x4jb-vyev-xwfy,8503815277,961.8,Connection Timeout,-,-,-,-
14:10:25,zcpc-0ike-j0jb,9240475723,182.4,-,-,-,5;1;0;7,28
14:11:06,0nm1-1kkt-p3nl,9959885812,865.5,-,-,-,4;3;7;2,19
14:11:08,0xzn-t5i6-b4lj,6736161483,885.8,-,-,-,7;0;6;2,14
14:11:19,bt93-pbah-8w6c,3931493377,986.0,-,-,-,-3,-
14:11:31,69vo-cndg-89ea,3585428722,732.6,UI,-,-,-,-
14:11:33,69vo-cndg-89ea,3585428722,747.6,-,-,-,9;7;1;8,9
14:11:42,vev6-8pka-337i,2785999273,441.2,-,-,-,6;9;2;7,5
14:11:52,7hus-srih-y96a,8202648940,949.3,-,-,-,6;4;5;8,22
14:11:56,7mug-f6xe-5v27,7698642007,627.4,Browser,-,-,-,-
14:11:58,los7-l3iz-vja8,6009860524,515.6,-,-,-,8;7;9;2,12
14:12:00,vev6-8pka-337i,2785999273,470.2,-,-,-,6;7;7;9,26
14:12:16,c2r5-k93w-byw9,8328011623,684.5,-,-,-,9;3;6;9,11
14:12:17,q12t-vf8s-ecc1,9470279726,559.5,-,-,-,7;1;8;5,21
14:12:36,0nm1-1kkt-p3nl,9959885812,823.3,-,UI update,TMW,-,-
14:12:50,8b0s-kaov-h0jw,1034932138,420.3,App 2,-,-,-,-
14:12:54,vev6-8pka-337i,2785999273,326.8,Browser,-,-,-,-
14:12:54,h1vt-019i-e2s3,3936540702,601.1,-,TMW update,Client,-,-
14:12:55,3u46-i1d9-u6y1,3878077574,264.8,UI,-,-,-,-
14:13:09,69vo-cndg-89ea,3585428722,604.1,App 1,-,-,-,-
14:13:16,wx10-hyjp-2tzd,2484559897,962.1,-,-,-,-3,-
14:13:19,78z0-8fwv-vgh7,8344066946,186.8,-,-,-,5;6;6;1,12
14:13:22,7uqy-wfxy-ql3o,5126325937,961.3,-,App 1 Error,Client,-,-
14:13:30,dyb6-m0vr-91ku,5488387860,923.5,App 1,-,-,-,-
14:13:33,0nm1-1kkt-p3nl,9959885812,994.2,-,-,-,9;3;7;2,22
14:13:50,3aps-d1gk-4j29,1201276034,411.9,-,App 2 Error,Client,-,-
14:14:10,9p3h-0oab-yf7l,7231920288,868.0,-,-,-,1;6;6;9,14
14:14:19,tdkf-r41d-pshc,3311612371,727.3,-,UI update,App,-,-
14:14:26,los7-l3iz-vja8,6009860524,242.9,-,TMW update,Client,-,-
14:14:39,los7-l3iz-vja8,6009860524,446.5,-,Unknown,Live,-,-
14:14:57,0xs2-axqg-n4c9,7373274794,272.1,-,-,-,4;8;0;2,5
14:15:13,69vo-cndg-89ea,3585428722,193.9,-,Unknown,Unknown,-,-
14:15:13,fv88-l62e-ont0,7404247340,113.2,-,-,-,7;6;4;1,15
14:15:23,jsv2-ofsk-py5a,4927856987,158.8,-,App 1 Error,Client,-,-
14:15:34,oqcr-t11z-aazy,2337628713,262.4,-,App 2 Error,Unknown,-,-
14:15:34,7uqy-wfxy-ql3o,5126325937,503.4,-,-,-,8;6;1;4,13
14:15:35,rv5t-9f2q-wcgj,2931212895,552.9,-,UI update,Unknown,-,-
14:15:54,9p3h-0oab-yf7l,7231920288,743.5,-,-,-,2;5;9;0,18
14:16:02,plgl-593x-kzud,1201276034,178.8,-,Connection Error,Live,-,-
14:16:17,xqdi-k5gw-5vkg,5459519898,311.5,-,Connection Error,TMW,-,-
14:16:30,cxko-91ov-hww5,3248188635,591.0,-,Unknown,Client,-,-
14:16:38,22xn-70o7-815u,1034932138,555.2,App 2,-,-,-,-
14:16:45,7kef-3uv2-okwn,2007821877,860.7,-,App 2 Error,Unknown,-,-
14:17:10,ilur-ems0-yh53,8682540073,498.6,-,-,-,7;5;9;7,23
14:17:11,gfbj-xtlz-w124,3585428722,759.4,-,UI update,Unknown,-,-
14:17:41,7kef-3uv2-okwn,2007821877,359.9,-,-,-,4;1;5;2,2
14:17:45,fv88-l62e-ont0,7404247340,963.2,Watchdog,-,-,-,-
14:17:45,ihck-fa48-dxi4,9412544765,351.1,-,-,-,-3,-
14:17:55,zpku-0pi8-36j7,7081228750,301.2,App 1,-,-,-,-
14:18:00,eqb3-811u-4hmx,3807608257,726.3,-,Authentication Error,TMW,-,-
14:18:03,8b0s-kaov-h0jw,1034932138,230.5,App 2,-,-,-,-
14:18:05,yxwp-dqbw-kc7o,6327299439,878.7,Connection Timeout,-,-,-,-
14:18:15,7uuv-b3wm-k5qp,4452163003,545.3,-,UI update,Live,-,-
14:18:36,v8o5-1y3q-8r99,7404247340,842.4,-,App 1 Error,Unknown,-,-
14:18:43,k14x-5slz-muex,4783198577,442.5,Watchdog,-,-,-,-
14:19:05,oqcr-t11z-aazy,2337628713,439.2,-,-,-,4;2;1;1,28
14:19:12,qsf5-ogkc-655p,1570467343,644.5,Watchdog,-,-,-,-
14:19:17,k14x-5slz-muex,4783198577,437.5,-,-,-,6;4;2;7,25
14:19:27,9p3h-0oab-yf7l,7231920288,501.3,-,-,-,0;5;9;8,21
14:19:42,xgtt-ulub-jbla,1034932138,915.9,-,App 1 Error,Client,-,-
14:19:44,hybb-wgci-2wgg,9412544765,716.0,-,-,-,0;8;0;0,28
14:19:48,1huw-yv2w-tmdr,9470279726,149.8,-,Connection Error,Client,-,-
14:19:50,c3ft-6ot1-ptzo,1255315581,393.3,Browser,-,-,-,-
14:19:59,plgl-593x-kzud,1201276034,256.4,-,Authentication Error,Client,-,-
14:20:10,6f6w-ifle-1wux,3807608257,247.2,-,-,-,-3,-
14:20:24,qsf5-ogkc-655p,1570467343,590.7,App 2,-,-,-,-
14:20:26,c2r5-k93w-byw9,8328011623,469.4,-,-,-,5;8;7;1,36
14:20:28,22xn-70o7-815u,1034932138,366.9,UI,-,-,-,-
14:20:40,a7a6-dmk5-0q5p,9556245761,196.7,-,-,-,-3,-
14:20:41,p0vb-6mch-zh1y,7401399698,557.0,-,Connection Error,Live,-,-
14:20:48,78z0-8fwv-vgh7,8344066946,645.2,-,-,-,0;8;0;1,13
14:20:55,78z0-8fwv-vgh7,8344066946,568.5,-,App 2 Error,App,-,-
14:20:59,h1vt-019i-e2s3,3936540702,637.0,-,App 1 Error,TMW,-,-
14:21:05,prq6-4ovu-m4et,1775286042,753.4,-,-,-,-3,-
14:21:06,9p3h-0oab-yf7l,7231920288,594.2,-,-,-,7;2;1;8,5
14:21:13,zrow-m5su-0ppr,3931493377,183.5,-,App 2 Error,App,-,-
14:21:30,tsl9-9pp0-h51b,9240475723,619.6,-,App 1 Error,Live,-,-
14:21:36,xqdi-k5gw-5vkg,5459519898,898.6,-,Unknown,Live,-,-
14:22:00,3u46-i1d9-u6y1,3878077574,692.2,-,-,-,8;7;1;5,12
14:22:12,9ype-52lr-80hg,9412544765,690.2,-,-,-,-3,-
14:22:13,823z-jrty-8bxo,1201276034,988.3,App 2,-,-,-,-
14:22:29,69vo-cndg-89ea,3585428722,276.0,UI,-,-,-,-
14:22:34,gey2-218o-jrit,9556245761,355.5,-,TMW update,Live,-,-
14:22:47,3u46-i1d9-u6y1,3878077574,955.2,-,UI update,Client,-,-
14:22:53,1huw-yv2w-tmdr,9470279726,438.0,-,Authentication Error,App,-,-
14:23:12,e8an-76c8-2nym,2559143236,298.4,Browser,-,-,-,-
14:23:15,78z0-8fwv-vgh7,8344066946,583.8,-,-,-,6;7;5;9,38
14:23:18,p0vb-6mch-zh1y,7401399698,813.6,-,UI update,Unknown,-,-
14:23:37,07rg-7vzq-m493,2622334053,523.2,UI,-,-,-,-
14:23:40,bs11-dz7x-ptye,7401399698,966.0,-,-,-,-3,-
14:23:47,tsl9-9pp0-h51b,9240475723,663.0,-,-,-,-3,-
14:23:53,5808-uz60-5epz,5332390070,990.3,-,Connection Error,App,-,-
14:23:58,xqdi-k5gw-5vkg,5459519898,353.2,-,-,-,7;6;1;3,25
14:24:07,x7fh-me2z-2csq,3232490615,653.5,Browser,-,-,-,-
14:24:09,07rg-7vzq-m493,2622334053,977.1,-,-,-,2;5;6;8,2
14:24:09,4gwq-2wxz-nmzv,8328011623,961.3,-,Unknown,TMW,-,-
14:24:21,823z-jrty-8bxo,1201276034,564.0,App 1,-,-,-,-
14:24:28,oa47-m33n-ib27,1775286042,778.1,-,App 2 Error,TMW,-,-
14:24:30,7uuv-b3wm-k5qp,4452163003,562.8,Watchdog,-,-,-,-
14:24:41,cxko-91ov-hww5,3248188635,663.7,App 1,-,-,-,-
14:24:48,vsy8-huu8-gtpn,9501569279,434.1,-,App 2 Error,Client,-,-
14:24:49,p0vb-6mch-zh1y,7401399698,994.6,Watchdog,-,-,-,-
14:24:57,xjg7-x4aw-ae26,9635177904,353.0,UI,-,-,-,-
14:25:06,x7fh-me2z-2csq,3232490615,960.5,App 2,-,-,-,-
14:25:30,k14x-5slz-muex,4783198577,798.9,-,Connection Error,App,-,-
14:25:41,7uuv-b3wm-k5qp,4452163003,175.8,-,-,-,2;2;5;4,14
14:25:50,22xn-70o7-815u,1034932138,905.4,-,-,-,1;4;9;7,22
14:25:59,95op-4086-lgif,5080693212,936.8,-,-,-,6;5;2;2,29
14:26:02,los7-l3iz-vja8,6009860524,397.6,-,-,-,8;7;3;1,5
14:26:06,m39u-8qh5-4v89,7377809257,108.4,-,App 2 Error,Live,-,-
14:26:07,6f6w-ifle-1wux,3807608257,590.7,-,-,-,-3,-
14:26:23,tsl9-9pp0-h51b,9240475723,362.1,-,-,-,-3,-
14:27:23,vev6-8pka-337i,2785999273,271.9,-,Authentication Error,Live,-,-
14:27:46,oqcr-t11z-aazy,2337628713,323.2,Browser,-,-,-,-
14:27:49,gey2-218o-jrit,9556245761,932.8,-,App 1 Error,App,-,-
14:27:57,5k6o-cbdv-1dxa,6960038826,334.5,Watchdog,-,-,-,-
14:27:59,h1vt-019i-e2s3,3936540702,408.7,-,-,-,5;1;4;5,12
14:28:13,v8o5-1y3q-8r99,7404247340,757.5,App 2,-,-,-,-
14:28:15,dyb6-m0vr-91ku,5488387860,492.0,Watchdog,-,-,-,-
14:28:16,x4jb-vyev-xwfy,8503815277,206.5,-,TMW update,Live,-,-
14:28:32,3u46-i1d9-u6y1,3878077574,408.6,UI,-,-,-,-
14:28:43,823z-jrty-8bxo,1201276034,465.6,-,Authentication Error,TMW,-,-
14:28:45,8c5v-837j-p8xr,7946253541,492.9,-,Connection Error,Live,-,-
14:28:48,95op-4086-lgif,5080693212,422.9,-,UI update,Live,-,-
14:28:49,talj-txp3-hjb3,3409361678,596.6,-,-,-,6;2;8;5,11
14:29:03,ilur-ems0-yh53,8682540073,924.9,-,-,-,2;0;1;8,25
14:29:07,k14x-5slz-muex,4783198577,344.9,Browser,-,-,-,-
14:29:19,fv88-l62e-ont0,7404247340,322.8,-,-,-,1;9;1;9,13
14:29:29,talj-txp3-hjb3,3409361678,315.8,Browser,-,-,-,-
14:29:50,x7fh-me2z-2csq,3232490615,260.8,-,-,-,9;1;0;0,14
14:29:54,yxwp-dqbw-kc7o,6327299439,314.5,-,-,-,0;6;3;4,23
14:30:26,22xn-70o7-815u,1034932138,728.9,-,-,-,2;0;5;4,29
14:30:42,pdgl-gi4c-g2w6,3311612371,820.8,App 1,-,-,-,-
14:30:43,ruu1-51yu-cv3b,2837426112,678.8,-,UI update,Live,-,-
14:31:04,x4jb-vyev-xwfy,8503815277,199.7,UI,-,-,-,-
14:31:07,vsy8-huu8-gtpn,9501569279,428.8,-,App 2 Error,App,-,-
14:31:12,c1iv-cmk1-im6f,8048099532,378.1,-,UI update,App,-,-
14:31:16,tsl9-9pp0-h51b,9240475723,466.1,App 2,-,-,-,-
14:31:17,oa47-m33n-ib27,1775286042,226.2,Watchdog,-,-,-,-
14:31:21,a7ik-1crj-bron,4955695862,197.1,App 2,-,-,-,-
14:31:22,tdkf-r41d-pshc,3311612371,730.7,-,Authentication Error,App,-,-
14:31:23,1huw-yv2w-tmdr,9470279726,702.2,App 1,-,-,-,-
14:31:27,8b0s-kaov-h0jw,1034932138,349.0,-,App 2 Error,App,-,-
14:31:27,k22n-b4yq-f95p,3248188635,638.6,UI,-,-,-,-
14:31:34,yxwp-dqbw-kc7o,6327299439,479.8,-,-,-,8;9;2;8,2
14:31:35,0xs2-axqg-n4c9,7373274794,372.3,UI,-,-,-,-
14:31:37,a7a6-dmk5-0q5p,9556245761,428.8,-,-,-,-3,-
14:31:52,6f6w-ifle-1wux,3807608257,639.5,-,-,-,-3,-
14:31:56,4gwq-2wxz-nmzv,8328011623,151.7,Watchdog,-,-,-,-
14:31:57,gfbj-xtlz-w124,3585428722,262.4,-,Unknown,TMW,-,-
14:32:06,h2rl-7lyl-bd14,3807608257,128.2,Connection Timeout,-,-,-,-
14:32:07,22xn-70o7-815u,1034932138,296.1,-,App 1 Error,App,-,-
14:32:11,qabb-jeh9-fvaj,5368244320,764.6,-,-,-,5;2;2;0,11
14:32:25,a7a6-dmk5-0q5p,9556245761,924.5,-,-,-,-3,-
14:33:06,k22n-b4yq-f95p,3248188635,301.5,-,-,-,-3,-
14:33:17,0nm1-1kkt-p3nl,9959885812,676.0,-,-,-,6;8;6;9,1
14:33:21,zpku-0pi8-36j7,7081228750,150.0,-,-,-,1;5;5;7,25
14:33:37,2oo7-7zfg-ym1v,7470925262,177.5,-,UI update,App,-,-
14:33:46,a7ik-1crj-bron,4955695862,310.1,Watchdog,-,-,-,-
14:34:05,inqu-wzco-tsuo,9770879786,647.6,-,TMW update,App,-,-
14:34:08,3u46-i1d9-u6y1,3878077574,607.4,-,-,-,1;0;6;2,35
14:34:09,zrow-m5su-0ppr,3931493377,422.8,-,Authentication Error,TMW,-,-
14:34:12,p0vb-6mch-zh1y,7401399698,337.5,Browser,-,-,-,-
14:34:40,4t1b-y5j9-ewhc,9071913507,446.2,-,-,-,3;9;2;8,32
14:34:43,7mug-f6xe-5v27,7698642007,525.3,-,-,-,9;4;9;8,11
14:35:16,c3ft-6ot1-ptzo,1255315581,375.9,-,TMW update,App,-,-
14:35:19,p0vb-6mch-zh1y,7401399698,745.9,-,-,-,0;4;7;8,13
14:35:21,xjg7-x4aw-ae26,9635177904,660.1,-,Authentication Error,Live,-,-
14:35:22,xjg7-x4aw-ae26,9635177904,818.8,Watchdog,-,-,-,-
14:35:23,vsy8-huu8-gtpn,9501569279,232.5,-,-,-,1;8;3;1,25
14:35:28,ljam-6atc-69lt,2542129900,638.1,-,-,-,5;1;4;0,6
14:35:40,7uuv-b3wm-k5qp,4452163003,998.2,App 1,-,-,-,-
14:35:55,k22n-b4yq-f95p,3248188635,880.6,-,-,-,-3,-
14:36:08,9p3h-0oab-yf7l,7231920288,161.5,-,-,-,8;7;3;5,34
14:36:24,4gwq-2wxz-nmzv,8328011623,705.0,-,-,-,-3,-
14:36:24,gdt3-mwq4-shnh,3869194297,891.2,-,-,-,9;6;4;4,26
14:36:28,c1iv-cmk1-im6f,8048099532,358.2,Browser,-,-,-,-
14:36:41,7uuv-b3wm-k5qp,4452163003,660.4,-,-,-,1;5;2;0,12
14:36:47,7hus-srih-y96a,8202648940,470.1,-,-,-,7;7;7;2,41
14:36:59,zcpc-0ike-j0jb,9240475723,215.6,-,-,-,4;7;1;5,25
14:37:01,9ih8-mhfg-vnp9,3311612371,996.3,Browser,-,-,-,-
14:37:25,xjg7-x4aw-ae26,9635177904,937.3,-,Unknown,Client,-,-
14:38:00,k22n-b4yq-f95p,3248188635,512.2,Connection Timeout,-,-,-,-
14:38:30,zpku-0pi8-36j7,7081228750,795.2,-,Authentication Error,Live,-,-
14:38:33,vev6-8pka-337i,2785999273,397.9,-,-,-,3;3;1;5,37
14:38:43,c2oe-re84-hku8,3753165210,878.5,-,-,-,5;9;1;8,25
14:38:44,los7-l3iz-vja8,6009860524,364.5,-,Authentication Error,Live,-,-
14:38:47,pan7-3lly-o3gm,2982410686,695.3,-,App 1 Error,TMW,-,-
14:39:07,wx10-hyjp-2tzd,2484559897,452.5,UI,-,-,-,-
14:39:07,2oo7-7zfg-ym1v,7470925262,655.7,-,-,-,4;6;1;5,23
14:39:10,wmmy-aq3c-943u,9412544765,846.0,Browser,-,-,-,-
14:39:12,0fs1-m4ew-25la,9501569279,227.6,UI,-,-,-,-
14:39:26,ihck-fa48-dxi4,9412544765,328.2,-,UI update,App,-,-
14:39:41,823z-jrty-8bxo,1201276034,459.7,-,-,-,2;3;7;2,6
14:39:49,bs11-dz7x-ptye,7401399698,875.5,UI,-,-,-,-
14:40:06,wmmy-aq3c-943u,9412544765,254.9,UI,-,-,-,-
14:40:13,h2rl-7lyl-bd14,3807608257,759.7,-,UI update,App,-,-
14:40:26,oa47-m33n-ib27,1775286042,238.7,-,Authentication Error,TMW,-,-
14:40:28,0gyx-l2zq-go4s,2554974567,446.1,-,-,-,9;5;0;6,21
14:40:30,gdt3-mwq4-shnh,3869194297,306.9,App 2,-,-,-,-
14:40:57,xqdi-k5gw-5vkg,5459519898,436.9,-,-,-,6;5;1;5,15
14:41:02,xgtt-ulub-jbla,1034932138,194.3,Watchdog,-,-,-,-
14:41:07,oa47-m33n-ib27,1775286042,949.8,-,-,-,-3,-
14:41:24,ofkf-5cdn-53zn,2837426112,659.6,App 1,-,-,-,-
14:41:33,a7ik-1crj-bron,4955695862,510.4,-,-,-,0;1;3;2,32
14:41:37,7hus-srih-y96a,8202648940,547.4,Connection Timeout,-,-,-,-
14:41:39,c1iv-cmk1-im6f,8048099532,647.6,-,-,-,5;3;5;3,22
14:42:07,zosg-jzs9-6exg,2554974567,874.9,App 1,-,-,-,-
14:42:14,oa47-m33n-ib27,1775286042,715.7,-,Unknown,Unknown,-,-
14:42:20,823z-jrty-8bxo,1201276034,624.2,-,UI update,App,-,-
14:42:22,ljam-6atc-69lt,2542129900,916.5,-,UI update,Unknown,-,-
14:42:28,3u46-i1d9-u6y1,3878077574,660.9,-,-,-,6;2;5;0,7
14:42:31,plgl-593x-kzud,1201276034,623.9,-,Unknown,App,-,-
14:42:40,5808-uz60-5epz,5332390070,850.6,-,TMW update,Live,-,-
14:43:01,pdgl-gi4c-g2w6,3311612371,747.5,Browser,-,-,-,-
14:43:04,0xzn-t5i6-b4lj,6736161483,823.3,-,App 1 Error,Unknown,-,-
14:43:15,22xn-70o7-815u,1034932138,444.2,UI,-,-,-,-
14:43:22,p0vb-6mch-zh1y,7401399698,338.6,-,-,-,2;5;1;5,14
14:43:24,prq6-4ovu-m4et,1775286042,256.5,Connection Timeout,-,-,-,-
14:43:30,fv88-l62e-ont0,7404247340,600.4,App 1,-,-,-,-
14:43:31,xjg7-x4aw-ae26,9635177904,571.8,-,-,-,9;1;8;3,13
14:43:34,pdgl-gi4c-g2w6,3311612371,815.4,-,Connection Error,Live,-,-
14:43:46,zrow-m5su-0ppr,3931493377,471.3,App 2,-,-,-,-
14:43:48,2ueg-wu4f-v3ja,9169192432,230.1,App 2,-,-,-,-
14:43:53,c2oe-re84-hku8,3753165210,983.7,-,-,-,5;0;7;6,4
14:44:28,kfd6-yt1z-mbi4,3311612371,724.2,App 2,-,-,-,-
14:44:45,qvcv-ru02-hqv8,2484559897,262.0,-,-,-,3;2;8;6,1
14:45:18,9p3h-0oab-yf7l,7231920288,982.0,Watchdog,-,-,-,-
14:45:39,wmmy-aq3c-943u,9412544765,261.8,-,-,-,-3,-
14:45:54,vev6-8pka-337i,2785999273,969.0,-,App 2 Error,Client,-,-
14:46:16,hybb-wgci-2wgg,9412544765,565.2,-,-,-,7;7;6;8,8
14:46:34,oa47-m33n-ib27,1775286042,690.3,-,TMW update,Live,-,-
14:46:34,7uqy-wfxy-ql3o,5126325937,966.9,-,-,-,9;7;3;3,36
14:46:44,wmmy-aq3c-943u,9412544765,754.0,-,App 2 Error,Unknown,-,-
14:47:03,2ueg-wu4f-v3ja,9169192432,614.0,-,-,-,8;2;7;4,8
14:47:06,8b0s-kaov-h0jw,1034932138,889.3,-,TMW update,Live,-,-
14:47:06,cxko-91ov-hww5,3248188635,214.3,-,-,-,8;9;4;7,29
14:47:22,0gyx-l2zq-go4s,2554974567,823.5,-,-,-,7;7;2;6,5
14:47:33,yxwp-dqbw-kc7o,6327299439,721.2,-,App 2 Error,Client,-,-
14:47:40,x7fh-me2z-2csq,3232490615,287.1,-,App 1 Error,Live,-,-
14:47:48,2fcm-yh45-artg,3931493377,625.1,App 1,-,-,-,-
14:47:55,07rg-7vzq-m493,2622334053,194.4,-,-,-,4;9;4;5,24
14:48:17,a7ik-1crj-bron,4955695862,201.4,-,-,-,3;4;7;3,1
14:48:45,yxwp-dqbw-kc7o,6327299439,726.5,-,-,-,6;5;8;6,28
14:49:21,4t1b-y5j9-ewhc,9071913507,555.0,-,TMW update,Client,-,-
14:49:33,eqb3-811u-4hmx,3807608257,642.6,-,UI update,Client,-,-
14:49:43,talj-txp3-hjb3,3409361678,746.9,App 2,-,-,-,-
14:49:46,gdt3-mwq4-shnh,3869194297,878.1,Browser,-,-,-,-
14:49:49,rv5t-9f2q-wcgj,2931212895,888.7,App 1,-,-,-,-
14:49:57,07rg-7vzq-m493,2622334053,268.6,UI,-,-,-,-
14:50:20,jsv2-ofsk-py5a,4927856987,614.8,-,Unknown,App,-,-
14:50:33,9p3h-0oab-yf7l,7231920288,161.5,-,-,-,0;5;3;4,20
14:50:46,cj4j-out7-n3zq,2484559897,760.9,-,App 2 Error,TMW,-,-
14:50:48,69vo-cndg-89ea,3585428722,247.9,App 1,-,-,-,-
14:50:57,78z0-8fwv-vgh7,8344066946,927.4,Connection Timeout,-,-,-,-
14:51:04,c2oe-re84-hku8,3753165210,590.0,-,App 1 Error,Live,-,-
14:51:09,oa47-m33n-ib27,1775286042,985.0,Browser,-,-,-,-
14:51:24,vsy8-huu8-gtpn,9501569279,545.2,-,-,-,0;2;8;5,8
14:51:28,k14x-5slz-muex,4783198577,553.3,Connection Timeout,-,-,-,-
14:51:42,hybb-wgci-2wgg,9412544765,121.6,App 2,-,-,-,-
14:51:46,gey2-218o-jrit,9556245761,697.7,UI,-,-,-,-
14:52:04,vsy8-huu8-gtpn,9501569279,372.0,-,-,-,8;5;6;8,11
14:52:15,78z0-8fwv-vgh7,8344066946,602.9,-,-,-,0;2;8;1,15
14:52:21,zcpc-0ike-j0jb,9240475723,458.5,-,Unknown,TMW,-,-
14:52:42,2fcm-yh45-artg,3931493377,636.0,Browser,-,-,-,-
14:52:56,v8o5-1y3q-8r99,7404247340,802.1,-,Authentication Error,Unknown,-,-
14:53:06,0nm1-1kkt-p3nl,9959885812,163.6,-,-,-,9;6;7;0,4
14:53:23,x7fh-me2z-2csq,3232490615,985.7,-,Unknown,Live,-,-
14:53:42,v8o5-1y3q-8r99,7404247340,844.7,-,Connection Error,Unknown,-,-
14:53:47,rv5t-9f2q-wcgj,2931212895,439.3,-,App 2 Error,Client,-,-
14:53:48,wmmy-aq3c-943u,9412544765,334.8,Connection Timeout,-,-,-,-
14:53:53,xgtt-ulub-jbla,1034932138,468.5,Connection Timeout,-,-,-,-
14:53:57,a7ik-1crj-bron,4955695862,360.4,-,App 1 Error,Live,-,-
14:54:10,zosg-jzs9-6exg,2554974567,575.6,-,Connection Error,Client,-,-
14:54:12,7uuv-b3wm-k5qp,4452163003,113.4,App 2,-,-,-,-
14:54:12,3u46-i1d9-u6y1,3878077574,692.5,-,TMW update,App,-,-
14:54:13,zcpc-0ike-j0jb,9240475723,286.0,App 2,-,-,-,-
14:54:19,7uqy-wfxy-ql3o,5126325937,674.6,Connection Timeout,-,-,-,-
14:54:32,oa47-m33n-ib27,1775286042,986.2,Watchdog,-,-,-,-
14:54:41,pan7-3lly-o3gm,2982410686,388.6,UI,-,-,-,-
14:54:56,a7a6-dmk5-0q5p,9556245761,767.2,-,Unknown,Unknown,-,-
14:55:00,823z-jrty-8bxo,1201276034,114.5,-,-,-,0;2;0;4,37
14:55:22,823z-jrty-8bxo,1201276034,820.6,-,UI update,Live,-,-
14:55:32,0nm1-1kkt-p3nl,9959885812,920.5,-,Authentication Error,TMW,-,-
14:55:33,wx10-hyjp-2tzd,2484559897,929.1,-,UI update,Client,-,-
14:55:46,ihck-fa48-dxi4,9412544765,965.9,-,App 1 Error,Client,-,-
14:55:51,zpku-0pi8-36j7,7081228750,184.2,App 2,-,-,-,-
14:56:06,m39u-8qh5-4v89,7377809257,640.6,-,Unknown,App,-,-
14:56:20,2oo7-7zfg-ym1v,7470925262,524.0,-,-,-,2;6;8;7,26
14:56:28,6f6w-ifle-1wux,3807608257,820.6,-,Authentication Error,Unknown,-,-
14:56:29,e8an-76c8-2nym,2559143236,821.4,Watchdog,-,-,-,-
14:56:33,kfd6-yt1z-mbi4,3311612371,492.6,-,-,-,-3,-
14:56:45,22xn-70o7-815u,1034932138,555.3,-,-,-,2;7;0;8,24
14:56:46,4gwq-2wxz-nmzv,8328011623,474.7,-,Connection Error,Unknown,-,-
14:56:50,7kef-3uv2-okwn,2007821877,107.7,-,UI update,Unknown,-,-
14:56:51,a7a6-dmk5-0q5p,9556245761,504.4,-,-,-,-3,-
14:56:55,7kef-3uv2-okwn,2007821877,902.8,-,-,-,9;5;8;0,3
14:56:56,tdkf-r41d-pshc,3311612371,135.5,UI,-,-,-,-
14:57:00,k22n-b4yq-f95p,3248188635,999.9,-,-,-,-3,-
14:57:03,k22n-b4yq-f95p,3248188635,764.9,-,-,-,-3,-
14:57:12,los7-l3iz-vja8,6009860524,462.5,Watchdog,-,-,-,-
14:57:14,xqdi-k5gw-5vkg,5459519898,405.4,-,Authentication Error,Live,-,-
14:57:18,x7fh-me2z-2csq,3232490615,454.1,-,-,-,3;7;9;3,27
14:57:18,prq6-4ovu-m4et,1775286042,457.6,App 2,-,-,-,-
14:57:19,ljam-6atc-69lt,2542129900,285.7,-,-,-,3;5;1;6,22
14:57:33,ymt4-0ypo-9g66,2554974567,345.5,-,-,-,-3,-
14:57:36,jsv2-ofsk-py5a,4927856987,550.9,-,-,-,5;6;6;2,8
14:57:41,h1vt-019i-e2s3,3936540702,194.2,-,TMW update,Client,-,-
14:57:59,xjg7-x4aw-ae26,9635177904,486.6,-,-,-,9;0;2;3,21
14:57:59,k14x-5slz-muex,4783198577,534.6,-,-,-,5;9;7;9,11
14:58:02,7kef-3uv2-okwn,2007821877,863.2,-,-,-,7;1;1;5,12
14:58:04,ymt4-0ypo-9g66,2554974567,609.0,-,-,-,-3,-
14:58:14,oa47-m33n-ib27,1775286042,604.3,-,Unknown,TMW,-,-
14:58:20,5808-uz60-5epz,5332390070,726.2,-,-,-,5;8;3;8,29
14:58:28,xqdi-k5gw-5vkg,5459519898,305.4,-,-,-,9;6;9;1,6
14:58:44,7kef-3uv2-okwn,2007821877,393.6,-,Authentication Error,TMW,-,-
14:58:57,ruu1-51yu-cv3b,2837426112,321.3,-,App 1 Error,App,-,-
14:59:12,k22n-b4yq-f95p,3248188635,353.9,-,-,-,-3,-
14:59:22,9p3h-0oab-yf7l,7231920288,343.3,-,Unknown,App,-,-
14:59:32,v8o5-1y3q-8r99,7404247340,893.8,-,Authentication Error,App,-,-
14:59:34,823z-jrty-8bxo,1201276034,222.3,-,TMW update,Client,-,-
14:59:51,ljam-6atc-69lt,2542129900,122.6,Watchdog,-,-,-,-
15:00:00,gey2-218o-jrit,9556245761,178.5,Browser,-,-,-,-
